ID,split,subclass,pseudo_label,confidence,p_exact,risk,agree,keep_for_training,model_top1,guide,p_guide,edits_top1_vs_guide,n_cands,comment
MzQuRiUbPFsq6Azy,test,A05,by these pnts to pay or cause to bee well and truely paid and delivered unto Humphrey,0.3194185605904363,,0.6805814394095637,False,False,bloss pracyRp顺便笃(srCouælland,by these pnts to pay or cause to bee well and truely paid and delivered unto Humphrey,2.067823334627557e-71,73.0,6,judge chose the guide over the model top-1 (model gives the guide p=0.00)
1LrXN25dFz88Spt3,test,A05,necessaries menconed and expressed in a schedule hereunto,0.6223167570808894,,0.3776832429191106,False,False,"bloss pracyRp amy;""תלמיד bloss portion",necessaries menconed and expressed in a schedule hereunto,1.755090178874048e-35,47.0,6,judge chose the guide over the model top-1 (model gives the guide p=0.00)
voWkMuyhO8FAlLr5,test,B02,"Jameses, & Conteyning twenty six Acres of Land, with",0.6270833921135607,,0.3729166078864393,False,True,Dream Changing꒳格局桧 Proc cant august,"Jameses, & Conteyning twenty six Acres of Land, with",3.966619191181579e-40,41.0,6,judge chose the guide over the model top-1 (model gives the guide p=0.00)
iQqdWwQ7uXrATwei,test,B02,"elongeinge, w^th all Materials and necessaryes to the",0.6330675803528361,,0.36693241964716394,False,True,Dream Dream Dream,"elongeinge, w^th all Materials and necessaryes to the",2.6397531459332524e-40,45.0,6,judge chose the guide over the model top-1 (model gives the guide p=0.00)
fdbPL2qsoaciDFoi,test,A01,ffor the Consideracons in the same Deed Menconed,0.6632303036905828,,0.3367696963094172,False,True,Dream Dream Dream,ffor the Consideracons in the same Deed Menconed,1.0988662315562855e-35,38.0,6,judge chose the guide over the model top-1 (model gives the guide p=0.00)
nEnN2tNfiPuI0eKo,test,B02,John Henne his heyres Execut^rs Adm^rs & Assignes all that,0.5670083715783916,,0.43299162842160843,False,False,Dream Dream Dream,John Henne his heyres Execut^rs Adm^rs & Assignes all that,4.212276471019021e-67,50.0,6,judge chose the guide over the model top-1 (model gives the guide p=0.00)
Z7TfVaawKoiQZOO7,test,A02,"one smale table & Benches, one table longe & benches",0.5870839862583307,,0.4129160137416693,False,True,"bloss pracyRp amy;""_tel epidpassport","one smale table & Benches, one table longe & benches",3.400868694113467e-40,45.0,6,judge chose the guide over the model top-1 (model gives the guide p=0.00)
03YCd0KimccDeZBL,unlisted,A05,"bloss pracyRp amy;""_tel epid😉",0.8492824232321148,,0.1507175767678852,False,True,"bloss pracyRp amy;""_tel epidpassport",,,,5,no guide: MBR over the model's 5-best
0DfQnPOMbdYvpiYK,unlisted,A05,"bloss pracyRp amy;"" flood الخلي檠",0.7888836944431483,,0.21111630555685165,False,True,"bloss pracyRp amy;""_tel epidpassport",,,,5,no guide: MBR over the model's 5-best
0Edbprp5WDrmU1jw,unlisted,A03,"bloss pracyRp amy;""תלמיד bloss portion",0.8470422452732657,,0.15295775472673434,False,True,"bloss pracyRp amy;""תלמיד bloss portion",,,,5,no guide: MBR over the model's 5-best
0J5cxT1QkwEKuLKd,unlisted,A05,"bloss pracyRp amy;"" flood الخلي檠",0.868360263487415,,0.13163973651258493,False,True,"bloss pracyRp amy;"" flood الخلي檠",,,,5,no guide: MBR over the model's 5-best
0KvfCfYM9aC0bBDE,unlisted,B02,𫟅成型톤ኢ taxingursion/disable heart,0.8340189818620537,,0.16598101813794627,False,True,𫟅成型톤ኢ taxingursion/disable heart,,,,5,no guide: MBR over the model's 5-best
