ID,Target,risk,n_systems
MzQuRiUbPFsq6Azy,的带领下ounderชัยsafeounderชัยsafeounderชัย甜蜜,0.3498628779867201,2
1LrXN25dFz88Spt3,玩具 tul OTsetBackgroundintésetBackgroundinté né OTinté,0.35829145974350085,2
voWkMuyhO8FAlLr5,𝑬氧 MODEL promoters))){ ]; 黾 SUN颜色↢,0.37982142219250564,2
iQqdWwQ7uXrATwei,.constraints né OTinté né OT.constraints né OTanager,0.41321179791190077,2
fdbPL2qsoaciDFoi,어요_lsindo Fowler若 CONTEXT Fowler Father求婚を与え,0.37394714762563547,2
nEnN2tNfiPuI0eKo,.constraints né OT.constraints né OT.constraints né OTinté,0.42691543040915325,2
Z7TfVaawKoiQZOO7,的带领下ounderชัย脱发 iphone的带领下ounderชัยsafeounder,0.3817554822186369,2
03YCd0KimccDeZBL,.constraints né OTinté né OTinté né OTinté,0.4039691875605808,2
0DfQnPOMbdYvpiYK,的带领下ounderชัยsafeounderชัยsafeounderชัยsafe,0.35524415272821963,2
0Edbprp5WDrmU1jw,的带领下ounderชัยsafeounderชัยsafeounderชัยsafe,0.36501708326757665,2
0J5cxT1QkwEKuLKd,的带领下ounderชัยsafeounderชัยsafeounderชัยsafe,0.36138363209712965,2
0KvfCfYM9aC0bBDE,獲得 gravid Iterator exhausting的带领下ounderชัย_submitounder日照,0.3995863177872989,2
