system,adapter,steps,best_step,best_inner_score,last_inner_score,restored_best
q3_shared,ALL,5,5,0.1681818181818182,0.1681818181818182,False
q3_class,A,5,2,0.19292929292929295,0.19292929292929295,True
q3_class,B,5,2,0.1833333333333333,0.15606060606060607,True
q3_subclass,A1,5,4,-0.1886363636363636,-0.1886363636363636,True
q3_subclass,A2,2,2,0.48257575757575755,0.48257575757575755,False
q3_subclass,A3,5,2,0.3303030303030303,0.3212121212121212,True
q3_subclass,B,5,2,0.1833333333333333,0.16515151515151516,True
q3_B_cont,B,5,4,0.1833333333333333,0.16515151515151516,True
q25_shared,ALL,5,2,0.13484848484848483,0.1106060606060606,True
