ID,split,group,Target,risk,method,n_systems
MzQuRiUbPFsq6Azy,test,A3,('-- timing 分 degrees巧妙中國 DW zenith EXTI sofas,0.04694636647886619,rescore_mbr,4
1LrXN25dFz88Spt3,test,A3,('-- timing 分 degrees巧妙中國 DW zenith EXTI degrees,0.12628473902594722,rescore_mbr,4
voWkMuyhO8FAlLr5,test,B,榮医科大学aso.nextDouble tf_ue𫟅 Diablo午后moid,0.3891055231773769,rescore_mbr,5
iQqdWwQ7uXrATwei,test,B,Dream Dream Dream,2.9065821073101575e-06,rescore_mbr,5
fdbPL2qsoaciDFoi,test,A2,Dream Dream Dream,2.5827506931637203e-06,rescore_mbr,4
nEnN2tNfiPuI0eKo,test,B,Dream Dream Dream,2.913569503311047e-06,rescore_mbr,5
Z7TfVaawKoiQZOO7,test,A1,actoryTM savvy팜asure(ids-fe飽ллерprocessing,0.09349636846602409,rescore_mbr,4
03YCd0KimccDeZBL,unlisted,A3,incred WOW Dream Dream Dream,2.6255620749061077e-06,rescore_mbr,4
0DfQnPOMbdYvpiYK,unlisted,A1,פשוטteam_DELTA Fowlerӯ.exports OT Mohammad쳣 bütün,0.37490078790215725,rescore_mbr,4
0Edbprp5WDrmU1jw,unlisted,A1,פשוטteam_circleشهيدأمن锬(idsidy:bg vessels,0.27148265913205955,rescore_mbr,4
0J5cxT1QkwEKuLKd,unlisted,A1,פשוטteam in只为BY bicycle pracyRp顺便笃,0.10982367934843973,rescore_mbr,4
0KvfCfYM9aC0bBDE,unlisted,B,傍 routeعشしばらく傍 route轵傍 routeꍲ,0.3160556996362728,rescore_mbr,5
