ID,split,class,subclass,height,width,aspect,paper,contrast,ink_frac,tint,band_frac,band_center,edge_ratio,xh_px,stroke_rel,sharp,ink_w_frac
d9LxBmleE1sPcbTo,train,A,A01,48.0,1142.0,23.791666666666668,201.4337921142578,101.06279754638672,0.11480224751897257,50.023651123046875,0.3125,0.4791666666666667,0.08864141858560831,15.0,0.09041666666666666,0.18439730848209523,0.999124343257443
tQAuzSsJimAQ8yRV,train,A,A01,65.0,1300.0,20.0,203.11398315429688,92.74465942382812,0.15171597633136094,52.472930908203125,0.046153846153846156,0.06153846153846154,0.3046820083832626,3.0,0.058060279432078074,0.2807255054775215,0.9992307692307693
FvcrsYHZbzPpOlqr,train,A,A01,134.0,1457.0,10.873134328358208,152.5179901123047,52.23358154296875,0.21637693481801698,58.761985778808594,0.31343283582089554,0.15298507462686567,0.9735125039743773,42.0,0.058273788175573146,0.1853856647912175,1.0
PGrsVzaCJNX1b1E1,train,A,A01,51.0,967.0,18.96078431372549,215.12355041503906,76.41549682617188,0.10927266459841434,39.86030578613281,0.35294117647058826,0.5588235294117647,0.0721230710856049,18.0,0.07072735385988398,0.20019345179260403,0.9989658738366081
MXZrpYSpDd7lBxCH,train,B,B01,528.0,5271.0,9.982954545454545,167.43417358398438,97.59111022949219,0.23287226275274084,63.27305603027344,0.19128787878787878,0.0946969696969697,0.5925780871443918,101.0,0.06035054314222415,0.0615944105920027,1.0
MazVb1Mh2FXwcDvh,train,A,A01,99.0,1107.0,11.181818181818182,144.74127197265625,56.427589416503906,0.14825764419260354,70.50519561767578,0.23232323232323232,0.5959595959595959,0.28840598128439815,23.0,0.048758530041952505,0.2304095468449017,0.992773261065944
JL1oKf5gzR0VtxCP,train,A,A01,72.0,482.0,6.694444444444445,202.51231384277344,84.35256958007812,0.12062010142923006,49.18878173828125,0.16666666666666666,0.4791666666666667,0.3003777551693803,12.0,0.03827444956477214,0.26255422267566064,0.9771784232365145
GAg3RfvBZ4R1YXWk,train,B,B01,479.0,4269.0,8.91231732776618,137.82382202148438,38.97838592529297,0.1588590073310965,67.88231658935547,0.7035490605427975,0.35281837160751567,0.772263606106168,337.0,0.010973077395861867,0.21140710710073937,1.0
gOlKOJwyCSiqdxxv,train,B,B01,396.0,4091.0,10.330808080808081,172.23403930664062,37.96647644042969,0.5303351283551724,70.71258544921875,1.0,0.49873737373737376,0.9421588825854084,396.0,0.0317007745485244,0.2139617564468037,1.0
nzB2pspNZkvkMuLy,train,A,A01,52.0,1139.0,21.903846153846153,201.3505401611328,107.62062072753906,0.1362193557101371,56.37469482421875,0.36538461538461536,0.5,0.20145357704848865,19.0,0.08131752943073697,0.2231020377781165,0.9991220368744512
BCZc0CEybtXiN6Um,train,A,A01,61.0,953.0,15.62295081967213,208.71435546875,87.45377349853516,0.0861472829546041,47.51991271972656,0.22950819672131148,0.4344262295081967,0.23055922712352858,14.0,0.045839397351053995,0.2105463475097274,0.9905561385099685
jJ2QpgzFini2ty1V,train,B,B01,338.0,4976.0,14.721893491124261,171.2119140625,69.53919219970703,0.15542889895165432,68.05038452148438,0.12130177514792899,0.05917159763313609,0.7269327610548758,41.0,0.031573081367710316,0.11077613342094329,1.0
RlSZEwc1lFOeMjyt,train,B,B01,319.0,3172.0,9.943573667711599,151.41912841796875,61.63789367675781,0.27500424956614894,68.00875091552734,0.5705329153605015,0.4717868338557994,0.3043876072929885,182.0,0.06692599966424922,0.07964008116349024,1.0
Pbsmeb3Zo18HPvAL,train,A,A01,46.0,1142.0,24.82608695652174,198.21829223632812,91.80321502685547,0.12194471940912206,52.96238708496094,0.2826086956521739,0.5217391304347826,0.17371794527439033,13.0,0.06672777650465615,0.2620669857326177,0.999124343257443
xbxZLBlxD2eKD5yb,train,A,A01,76.0,1116.0,14.68421052631579,200.30177307128906,94.92453002929688,0.12824231277117526,49.574188232421875,0.17105263157894737,0.47368421052631576,0.30030387345832404,13.0,0.048829212232218214,0.25244165945718466,0.9910394265232975
wof8rRYnr5llcF0c,train,B,B01,398.0,5011.0,12.590452261306533,148.95663452148438,51.17518615722656,0.22240417814476493,68.40164184570312,0.2989949748743719,0.14824120603015076,0.7888629745453537,119.0,0.02576088337763897,0.13739653766141682,0.9924166832967471
HHNyyLNTFjF92S7o,train,A,A01,44.0,1131.0,25.704545454545453,206.81961059570312,72.36715698242188,0.12010690458966321,47.141204833984375,0.3181818181818182,0.4659090909090909,0.2994051003406819,14.0,0.09413784413784415,0.3037210019959289,1.0
qFknTJDwbIkXEzHT,train,A,A01,68.0,1197.0,17.602941176470587,195.7410125732422,91.73001861572266,0.11995675463167724,52.04353332519531,0.17647058823529413,0.41911764705882354,0.30151585461024155,12.0,0.05193064567599191,0.2424897928902175,1.0
JumTzaXOgEs7oSbq,train,B,B01,249.0,4206.0,16.89156626506024,184.89492797851562,86.27568054199219,0.1307903988755784,62.61444091796875,0.40562248995983935,0.5983935742971888,0.6006970022598922,101.0,0.047632212111064394,0.08531725871716114,0.9795530194959582
baTY3OlGskirWgFc,train,B,B01,493.0,3116.0,6.320486815415822,146.26104736328125,36.09925842285156,0.4248236543964671,69.59575653076172,0.8032454361054767,0.5973630831643002,0.684485509893457,396.0,0.021694781898477334,0.2133969504408866,1.0
P4chgRiCnIo2fQ8H,train,B,B01,205.0,4178.0,20.380487804878047,183.05987548828125,84.56849670410156,0.1802017536690446,62.50384521484375,0.4195121951219512,0.5292682926829269,0.32017182259926086,86.0,0.07825412398183851,0.09009697451284047,0.9588319770224988
ju3TlXfFvOluOdaC,train,A,A01,56.0,1107.0,19.767857142857142,198.18246459960938,91.46820831298828,0.14440572977158342,52.148956298828125,0.25,0.6875,0.3812895967670801,14.0,0.053267958299614414,0.2941359151503292,0.983739837398374
ZAySEi2vlgtwlTB4,train,A,A01,76.0,1115.0,14.671052631578947,204.8784637451172,88.16380310058594,0.12139485485012981,50.393524169921875,0.19736842105263158,0.4473684210526316,0.4457965256326825,15.0,0.0399867837984918,0.28335204398550823,0.9847533632286996
VSC9FEb3CLpmsK11,train,A,A01,90.0,1116.0,12.4,203.9501190185547,81.90042114257812,0.10336519315013938,49.50392150878906,0.08888888888888889,0.20555555555555555,0.07341092716834641,8.0,0.05516764971571284,0.21877486061288967,0.967741935483871
FBSkhm8rAWfzrRye,train,B,B01,312.0,5044.0,16.166666666666668,187.78369140625,82.25360870361328,0.11290197543667012,67.02265930175781,0.26282051282051283,0.5881410256410257,0.06752105113204318,82.0,0.05592434097049633,0.07490610923051308,0.9770023790642347
xLZXpQJXY7LBCzRp,train,A,A01,43.0,1094.0,25.441860465116278,210.70350646972656,93.81344604492188,0.1011224012584499,41.60658264160156,0.3488372093023256,0.6744186046511628,0.17064706540449578,15.0,0.07028456605892261,0.22766579030662518,0.9826325411334552
uaHqGukJsA7FCdoY,train,B,B01,453.0,5849.0,12.911699779249448,168.2906036376953,71.77407836914062,0.1801228639676147,74.50839233398438,0.4105960264900662,0.5640176600441501,0.6975125752443533,186.0,0.03383558568091269,0.08844365607831649,0.9957257650880492
9fDe1m4cWp8TFbND,train,B,B01,347.0,4103.0,11.82420749279539,180.5388641357422,72.20780181884766,0.1103887575057542,62.75811767578125,0.3314121037463977,0.5043227665706052,0.5406815922145468,115.0,0.030903730352491096,0.10134737111757813,0.9987813794784304
VO21eVMkK6yYPNjh,train,A,A01,48.0,1130.0,23.541666666666668,200.43321228027344,101.48332977294922,0.10719026548672567,49.19514465332031,0.375,0.5104166666666666,0.08305120683399261,18.0,0.08726585014409222,0.20334574961266005,0.9991150442477876
bnoPNHifsCJR1888,train,A,A01,59.0,1046.0,17.728813559322035,199.18121337890625,103.58363342285156,0.12805846323362607,58.56297302246094,0.23728813559322035,0.6016949152542372,0.12548316923692882,14.0,0.07441619585687381,0.2163106616127936,0.98565965583174
byRhIaPUNeWVLcS2,train,A,A01,45.0,1011.0,22.466666666666665,199.50607299804688,93.86409759521484,0.13383888339377953,55.8172607421875,0.26666666666666666,0.5222222222222223,0.05036729719206991,12.0,0.08786435786435787,0.2433380639041596,0.9990108803165183
WFM0BApCMYPuHfRS,train,A,A01,53.0,888.0,16.754716981132077,204.3098907470703,107.63645935058594,0.1340302566717661,51.235809326171875,0.33962264150943394,0.6132075471698113,0.10218556168632895,18.0,0.07950492179327207,0.22754446621755434,0.9988738738738738
OTnJ8Jg8ekaW6KNB,train,B,B01,296.0,4059.0,13.712837837837839,178.5997772216797,69.91777038574219,0.29062876623852235,63.84446716308594,0.13513513513513514,0.06587837837837837,0.5739799121425329,40.0,0.06680610273882445,0.09179098382390202,0.9970436067997044
CcLxUif6suVAlmiY,train,A,A01,65.0,1134.0,17.446153846153845,202.52386474609375,87.52278900146484,0.10093610093610093,52.81756591796875,0.18461538461538463,0.5,0.17884602691107776,12.0,0.04056043177233822,0.2477918000046549,0.9858906525573192
lhValpJXC0k72H91,train,B,B01,232.0,3788.0,16.32758620689655,157.95428466796875,59.335899353027344,0.26940110330262534,70.91807556152344,0.4353448275862069,0.5991379310344828,0.4610378596264033,101.0,0.05783459219667582,0.10410352597792928,0.9926082365364308
qQqHhFR48D8OpOA2,train,A,A01,46.0,1105.0,24.02173913043478,185.01710510253906,96.65399932861328,0.13261853236277787,56.29066467285156,0.32608695652173914,0.5652173913043478,0.1218862091227953,15.0,0.09460521514581638,0.24642940955034376,0.9990950226244344
PuQrT7KQ0b429iKt,train,B,B01,383.0,5115.0,13.355091383812011,188.30116271972656,81.92198181152344,0.12971779617109358,71.84840393066406,0.28720626631853785,0.5234986945169713,0.1348886366912524,110.0,0.0424074221791604,0.07249883890166943,0.9931573802541545
ds2yzgNWAo3MYQNa,train,A,A01,53.0,1021.0,19.264150943396228,206.84178161621094,96.58678436279297,0.09105020974627169,46.264801025390625,0.33962264150943394,0.5,0.14635908234666237,18.0,0.06780617370601269,0.19810452721179436,0.9990205680705191
2AqjwN98FQ7iav2v,train,A,A01,43.0,1039.0,24.162790697674417,198.76806640625,84.78927612304688,0.10376703896859682,48.745361328125,0.32558139534883723,0.6395348837209303,0.1576827347139387,14.0,0.06118839585038143,0.2838201061771719,0.9903753609239654
A43EdJbvVHVwJjrR,train,B,B01,317.0,3906.0,12.321766561514195,196.33892822265625,93.49360656738281,0.10674187248930304,59.62922668457031,0.3249211356466877,0.5141955835962145,0.2007762497933157,103.0,0.0414282346922911,0.06539326832481476,0.9882232462877624
LOPjEfKgGLKZoJ12,train,B,B01,402.0,4158.0,10.343283582089553,148.42807006835938,48.2523193359375,0.1782322155456484,69.9841537475586,0.36318407960199006,0.4490049751243781,0.41332576077074173,146.0,0.016168991408971635,0.1663253961402337,0.9877344877344877
8kn3TLDy8Pzkhxre,train,B,B01,312.0,3921.0,12.567307692307692,180.91433715820312,58.83800506591797,0.07715931310039956,57.98136901855469,0.48717948717948717,0.5176282051282052,0.6121429510329034,152.0,0.024659032249300404,0.12375763662285408,1.0
zvX1Sb6kx69rWtFj,train,A,A01,50.0,1073.0,21.46,200.37457275390625,95.31868743896484,0.1249767008387698,51.530609130859375,0.44,0.39,0.33506710539464735,22.0,0.05938883968113375,0.2815904465090197,0.9953401677539608
8zPd20EvRCHNUY1U,train,A,A01,51.0,1101.0,21.58823529411765,204.9134063720703,81.01367950439453,0.09543908389877295,48.197479248046875,0.3333333333333333,0.5098039215686274,0.0790450416633327,17.0,0.10322046303786742,0.18452969428716054,0.9945504087193461
2z9CHRX74Mqxgg29,train,B,B01,402.0,4111.0,10.22636815920398,180.81434631347656,71.62173461914062,0.1755949031296933,61.244903564453125,0.3333333333333333,0.585820895522388,0.1499373566225562,134.0,0.0558118638291456,0.10061713430817917,0.9657017757236682
d6XfPKoIVU27c66l,train,A,A01,60.0,1066.0,17.766666666666666,202.47618103027344,99.92437744140625,0.1526266416510319,49.80592346191406,0.48333333333333334,0.5,0.6086499557119962,29.0,0.05532131927915675,0.2653814476706933,1.0
otCiJpLw4f9VAEnO,train,A,A01,54.0,1122.0,20.77777777777778,193.55325317382812,99.4518051147461,0.1276490394137453,54.41786193847656,0.4074074074074074,0.4722222222222222,0.21046563076469862,22.0,0.08439730242912329,0.2053296509866596,0.9964349376114082
cC6ZKPmuMEGj9dCg,train,A,A01,41.0,1151.0,28.073170731707318,193.07493591308594,90.96004486083984,0.1532707507787502,55.574127197265625,0.3170731707317073,0.5121951219512195,0.09469347232058005,13.0,0.10162133303360682,0.25599084573759373,0.9991311902693311
SRrsPVIZrAm2elis,train,A,A01,66.0,1049.0,15.893939393939394,201.8820037841797,96.71167755126953,0.15423058035069476,49.3690185546875,0.48484848484848486,0.5378787878787878,0.7117093677754938,32.0,0.04580630769758742,0.29329485989997156,0.9990467111534795
WVTqEoaOJblHk8gn,train,A,A01,90.0,1206.0,13.4,176.63351440429688,69.49600219726562,0.7050211903445734,61.26869201660156,1.0,0.49444444444444446,0.9978161138795628,90.0,0.5539124140427072,0.1439787852207382,1.0
Q7pgXKzl396CvzSt,train,B,B01,373.0,4351.0,11.664879356568365,158.2666473388672,62.20262145996094,0.15751887181338856,71.02679443359375,0.19302949061662197,0.5589812332439679,0.42667471710901533,72.0,0.021567267016805766,0.13697431762112258,0.9834520799816134
YmlajOc1YpkzuaKE,train,A,A01,41.0,1071.0,26.121951219512194,203.10214233398438,98.28529357910156,0.12181457949033273,44.9525146484375,0.4634146341463415,0.6585365853658537,0.2558640717978164,19.0,0.08732490939367225,0.23178816917589434,0.9990662931839402
ctrKB2ty7ejUNoKd,train,A,A01,40.0,1118.0,27.95,200.72088623046875,75.55711364746094,0.08506261180679785,46.22773742675781,0.275,0.6,0.1158119093147156,11.0,0.09179536679536679,0.26352199270110876,0.9910554561717353
T7GOPCBYhgj2qW0L,train,A,A01,75.0,1138.0,15.173333333333334,204.08035278320312,91.07213592529297,0.1006912712360867,50.46452331542969,0.21333333333333335,0.47333333333333333,0.33751057247046684,16.0,0.03924200913242009,0.2422582771376443,0.9929701230228472
2kbJzvBREwWzzeHU,train,A,A01,52.0,1059.0,20.365384615384617,209.64654541015625,88.50691986083984,0.08487687949444324,47.687530517578125,0.21153846153846154,0.5192307692307693,0.0876633563500425,11.0,0.0733751962323391,0.24059662286472314,0.9990557129367328
6nJTFmz4K1Omj8pI,train,A,A01,52.0,1021.0,19.634615384615383,211.88241577148438,84.2859115600586,0.07989904317034581,40.996612548828125,0.3269230769230769,0.5192307692307693,0.11428214388400927,17.0,0.053109975961538464,0.21391238560897316,0.9931439764936337
J5TaRgiDEei4CFSg,train,B,B01,361.0,4033.0,11.171745152354571,172.7413787841797,72.39546966552734,0.1620536391941002,67.62449645996094,0.16066481994459833,0.07894736842105263,0.5848299587506707,58.0,0.03615035825376437,0.09448364077466806,0.9947929580957104
AnBi72G3gqOqRrDh,train,A,A01,46.0,1105.0,24.02173913043478,207.88572692871094,85.90489959716797,0.11084005508557938,47.29151916503906,0.3695652173913043,0.4782608695652174,0.24307397636710798,17.0,0.08127290037794639,0.28958945896290383,0.9936651583710407
ZmicBfRBm0Oj1Mqu,train,A,A01,69.0,1109.0,16.07246376811594,199.38690185546875,104.11319732666016,0.11877785183152337,50.777618408203125,0.2608695652173913,0.41304347826086957,0.19221552736125813,18.0,0.053546600683398136,0.18483498304488571,0.9981965734896303
7BZjlemlbtSecskN,train,A,A01,45.0,1079.0,23.977777777777778,197.7257080078125,100.17752075195312,0.12151168777674802,51.12074279785156,0.3111111111111111,0.5,0.09842486236086147,14.0,0.09175025270196718,0.22022986918668855,0.995366079703429
7s4catKMg7vsDPIH,train,A,A01,54.0,1119.0,20.72222222222222,196.37106323242188,87.86831665039062,0.1424883328368583,48.84190368652344,0.8703703703703703,0.42592592592592593,0.6960210715466831,47.0,0.05859773775981053,0.2776149302131895,0.9910634495084897
YqJeK0o6qAyCOzBu,train,A,A01,50.0,1238.0,24.76,194.5675506591797,97.71931457519531,0.17982229402261712,49.37937927246094,0.38,0.52,0.2998711269148992,19.0,0.12786904078116026,0.1778551640011224,0.9983844911147012
Z8LokcFZ1YWTcK94,train,A,A01,48.0,1060.0,22.083333333333332,206.56492614746094,99.50965118408203,0.0816627358490566,43.356903076171875,0.20833333333333334,0.46875,0.051394822731801335,10.0,0.08052325581395349,0.17929538679540463,0.9990566037735849
hu97IL71fkZBI4zW,train,A,A01,70.0,1110.0,15.857142857142858,199.82083129882812,90.91804504394531,0.131994851994852,51.94065856933594,0.3,0.6571428571428571,0.6604493606874207,21.0,0.04225967283365611,0.29143105411599246,0.9864864864864865
nD0ymFgvn0LWHG2u,train,A,A01,61.0,1105.0,18.114754098360656,201.07269287109375,88.15895080566406,0.15561160151324085,51.297393798828125,0.19672131147540983,0.09016393442622951,0.6852004098610633,12.0,0.047096910345694645,0.3397143443151421,0.9963800904977376
FOtNoBz2R7ouETXU,train,A,A01,56.0,1107.0,19.767857142857142,195.5355987548828,83.57838439941406,0.08923732094463802,37.220855712890625,0.21428571428571427,0.4732142857142857,0.30850315444510856,12.0,0.07681626305265497,0.23148649366587354,0.96386630532972
wVsxHXvGovSA5903,val,A,A01,46.0,1136.0,24.695652173913043,196.2694549560547,101.18417358398438,0.14053888548683405,51.358062744140625,0.30434782608695654,0.5760869565217391,0.05423035123964031,14.0,0.09081466092892121,0.24337247251857355,0.9991197183098591
rs063BLUtxNXz7qJ,val,A,A01,51.0,1137.0,22.294117647058822,194.88002014160156,102.95309448242188,0.1407384413747909,55.738067626953125,0.29411764705882354,0.5490196078431373,0.12719412636362468,15.0,0.08969708959817112,0.2173434120324274,0.9991204925241864
8nyC2jUQfe1uyCWU,val,A,A01,84.0,1211.0,14.416666666666666,140.32659912109375,51.81861877441406,0.2844559789233613,63.46099853515625,0.40476190476190477,0.6011904761904762,0.5180753423893464,34.0,0.07746260186107275,0.26823548616969745,1.0
SGoNc4BiqzEjWHCM,val,A,A01,48.0,1129.0,23.520833333333332,192.83152770996094,98.9215087890625,0.1468297903749631,55.64299011230469,0.3125,0.5833333333333334,0.1028695291199704,15.0,0.08975139866450099,0.2542685047787108,0.9991142604074402
CduRh5IjwfP6hYb8,val,B,B01,340.0,3780.0,11.117647058823529,165.84930419921875,52.83282470703125,0.579327731092437,66.52494812011719,0.6411764705882353,0.6779411764705883,0.5842913612103026,218.0,0.07556970196457354,0.16618508357660988,1.0
8Sb22Q4tnHMGmVzs,val,A,A01,63.0,1114.0,17.682539682539684,196.49122619628906,83.19670867919922,0.11478726739049899,50.80821228027344,0.20634920634920634,0.47619047619047616,0.2290922006336029,13.0,0.04529685294828759,0.23993964470008003,0.992818671454219
hhyzgi6lchNUcCiU,val,A,A01,87.0,1052.0,12.091954022988507,207.25685119628906,87.68763732910156,0.11518290284515537,50.45906066894531,0.05747126436781609,0.14942528735632185,0.2712942882306061,5.0,0.050827354778986346,0.23009056332707292,1.0
hBYdzQXYqQ2VqZLc,val,A,A01,120.0,1193.0,9.941666666666666,178.1676025390625,63.63323211669922,0.27325370215143896,65.93438720703125,0.675,0.3333333333333333,0.5734490523616533,81.0,0.09055324074074074,0.1368908439326734,1.0
RkBY1IMdbNG2B9Rd,val,B,B01,551.0,5310.0,9.637023593466425,167.81797790527344,62.52544403076172,0.4160601679534898,67.85459899902344,0.941923774954628,0.5263157894736842,0.8058065284682983,519.0,0.04210798200455583,0.1088495696027069,0.9811676082862524
nq4AeeHMFHFmCjHl,val,B,B01,421.0,5309.0,12.610451306413301,173.4872283935547,59.85424041748047,0.23247038484820962,63.611358642578125,0.5106888361045131,0.5249406175771971,0.6028874931887427,215.0,0.035298743655163736,0.13082514309677937,0.975513279336975
Fbs5fvY9uFI8OgpO,val,A,A01,91.0,1093.0,12.010989010989011,171.90158081054688,64.4339828491211,0.15337361631963645,71.2613525390625,0.13186813186813187,0.06043956043956044,0.7053186937531352,12.0,0.04654007846678585,0.25601758974108196,0.9871912168344007
xqVbwYewpUQOgXLV,val,A,A01,59.0,1069.0,18.11864406779661,199.1769256591797,83.79945373535156,0.15316072362892613,51.73710632324219,0.22033898305084745,0.576271186440678,0.26038911340456106,13.0,0.05510899143699833,0.28371797841213237,0.9990645463049579
MzQuRiUbPFsq6Azy,test,A,A01,78.0,1127.0,14.448717948717949,201.15699768066406,84.29047393798828,0.12076536300138785,49.75437927246094,0.1282051282051282,0.9294871794871795,0.651448964080379,10.0,0.03453503275883383,0.26512784391119537,0.9866903283052352
1LrXN25dFz88Spt3,test,A,A01,65.0,1097.0,16.876923076923077,210.01829528808594,90.50442504882812,0.07633405792020195,39.837066650390625,0.23076923076923078,0.47692307692307695,0.10172223417155758,15.0,0.0545883060876542,0.16440078756791515,0.968094804010939
voWkMuyhO8FAlLr5,test,B,B01,382.0,4742.0,12.413612565445026,153.97299194335938,55.19110870361328,0.62169628208214,66.29190826416016,1.0,0.4986910994764398,0.8782954985786261,382.0,0.08030081359827602,0.10417296792138356,1.0
iQqdWwQ7uXrATwei,test,B,B01,322.0,4010.0,12.453416149068323,170.03167724609375,69.13506317138672,0.10515249144220194,64.72776794433594,0.2701863354037267,0.5248447204968945,0.3718828993941544,87.0,0.03234840741720214,0.10922210842790474,0.9832917705735661
fdbPL2qsoaciDFoi,test,A,A01,111.0,1082.0,9.747747747747749,166.42758178710938,62.37123107910156,0.19833141829444972,61.910308837890625,0.38738738738738737,0.6216216216216216,0.2664060087591169,43.0,0.07326548125455604,0.16244297332810445,0.9916820702402958
nEnN2tNfiPuI0eKo,test,B,B01,464.0,4251.0,9.161637931034482,182.1819610595703,79.06273651123047,0.08578154024610841,68.72366333007812,0.4202586206896552,0.5754310344827587,0.407747291105346,195.0,0.020881711480628007,0.10335176332210129,0.9922371206774877
Z7TfVaawKoiQZOO7,test,A,A01,57.0,772.0,13.543859649122806,205.79415893554688,99.69221496582031,0.13203345150440868,49.23260498046875,0.05263157894736842,0.017543859649122806,0.22636295551090266,3.0,0.06859342164293641,0.26218699629245223,0.9831606217616581
03YCd0KimccDeZBL,unlisted,A,A01,69.0,1160.0,16.81159420289855,197.43617248535156,90.98016357421875,0.1435657171414293,50.30369567871094,0.34782608695652173,0.5434782608695652,0.6629069040659026,24.0,0.05347984325114257,0.28438498117225125,0.9887931034482759
0DfQnPOMbdYvpiYK,unlisted,A,A01,57.0,1100.0,19.29824561403509,198.44781494140625,91.13247680664062,0.1628708133971292,49.761871337890625,0.5263157894736842,0.5350877192982456,0.5481572614736013,30.0,0.062467885194156934,0.27039309024860453,1.0
0Edbprp5WDrmU1jw,unlisted,A,A01,43.0,1004.0,23.348837209302324,205.45172119140625,67.85472106933594,0.09144816084499212,48.058135986328125,0.32558139534883723,0.5232558139534884,0.11252915449277381,14.0,0.05993077903940737,0.296457109595008,0.9870517928286853
0J5cxT1QkwEKuLKd,unlisted,A,A01,47.0,1086.0,23.106382978723403,203.7386932373047,96.57717895507812,0.11737392735394381,51.38313293457031,0.3617021276595745,0.5531914893617021,0.1261669269971523,17.0,0.06642422360937102,0.24333135259260055,0.9677716390423573
0KvfCfYM9aC0bBDE,unlisted,B,B01,258.0,4073.0,15.786821705426357,133.860595703125,53.28772735595703,0.24014449475369087,67.58438873291016,0.41472868217054265,0.5968992248062015,0.49212943826810096,107.0,0.04752944881344006,0.1238209655941009,0.9923889025288485
