ID,split,class,group,subclass,height,width,aspect,paper,contrast,ink_frac,tint,band_frac,band_center,edge_ratio,xh_px,stroke_rel,sharp,ink_w_frac
iOGqwAEUNClpiZcd,train,A,A1,A06,55.0,1330.0,24.181818181818183,207.10215759277344,78.675048828125,0.10024606971975393,44.90342712402344,0.2909090909090909,0.44545454545454544,0.3111615676297311,16.0,0.08225001402052605,0.2457912775443518,0.9992481203007518
ViUcPo6dyL1x8eBu,train,A,A1,A03,47.0,996.0,21.19148936170213,205.7617645263672,81.66322326660156,0.09662052465179868,46.47406005859375,0.2978723404255319,0.5851063829787234,0.10841414252786881,14.0,0.056442253696886505,0.25894465889656365,0.998995983935743
LKRUyhnHdCeJR48y,train,B,B,B01,431.0,4345.0,10.081206496519721,174.33924865722656,55.495826721191406,0.07023781235064973,54.88798522949219,0.18561484918793503,0.49071925754060325,0.18482032218234512,80.0,0.025004776293615166,0.09712958188186362,0.9983889528193326
taRKyhVCdKLG8Cne,train,B,B,B02,384.0,5011.0,13.049479166666666,129.34942626953125,40.33014678955078,0.29920944754872614,72.04230499267578,0.6171875,0.3177083333333333,0.724413341356353,237.0,0.023188396691360316,0.1726716834529761,1.0
ijmRFhIwLje3iy0O,train,A,A1,A07,51.0,1164.0,22.823529411764707,199.1496124267578,102.46052551269531,0.12222896031264739,51.383880615234375,0.35294117647058826,0.5392156862745098,0.17431121370904745,18.0,0.07992949988984357,0.1923160492120974,0.9991408934707904
d75t4snl0VFahJwe,train,A,A1,A03,50.0,1026.0,20.52,202.13612365722656,101.5516357421875,0.12113060428849902,53.91656494140625,0.38,0.5,0.11725962308733284,19.0,0.07728855721393034,0.23333160037552095,0.9990253411306043
g5KRUhoVGac23apc,train,A,A1,A07,51.0,1055.0,20.686274509803923,200.3975830078125,97.05496215820312,0.12218195335006041,53.67091369628906,0.4117647058823529,0.45098039215686275,0.13914116985461303,21.0,0.07503024492684152,0.23099941609227062,0.9933649289099526
ZIgj7KPYIHPy2PYW,train,A,A1,A06,51.0,1075.0,21.07843137254902,212.1028289794922,90.8288803100586,0.07934336525307797,47.04997253417969,0.21568627450980393,0.5294117647058824,0.11326580243003578,11.0,0.076634427355848,0.2235215671438254,0.9990697674418605
nEUA5avlpc6quJGg,train,A,A1,A03,43.0,1045.0,24.302325581395348,198.59683227539062,88.59271240234375,0.12417937020140203,53.43513488769531,0.3488372093023256,0.7209302325581395,0.47463509910544843,15.0,0.06361149110807114,0.3184135900855872,1.0
xMO15SbHjAITbaMd,train,A,A1,A02,48.0,780.0,16.25,196.76002502441406,85.90584564208984,0.11875,48.619384765625,0.3541666666666667,0.5416666666666666,0.13699322718118787,17.0,0.08863636363636364,0.19072015251356345,0.9987179487179487
G7WoVUJi8mFdQVIr,train,A,A2,A01,101.0,1082.0,10.712871287128714,147.1960906982422,57.683494567871094,0.1800387987042697,71.41299438476562,0.27722772277227725,0.6287128712871287,0.5061137146558472,28.0,0.06461093870581087,0.184173526599619,0.9759704251386322
yUYGN8kyJycXk6vK,train,A,A1,A05,55.0,1054.0,19.163636363636364,203.38223266601562,107.29352569580078,0.14397101949284113,52.02412414550781,0.3090909090909091,0.6,0.17922216019571635,17.0,0.06487620972443546,0.23120558036068237,0.9990512333965844
2K5sgBY468TW4yCq,train,A,A3,A02,83.0,939.0,11.313253012048193,209.79188537597656,88.81352996826172,0.04724328624401761,39.30796813964844,0.21686746987951808,0.3072289156626506,0.1518397441640819,18.0,0.03308086933865215,0.13298946728394642,0.9904153354632588
qtU33cLzD1yjt6jJ,train,B,B,B02,380.0,3824.0,10.063157894736841,162.4834442138672,51.836334228515625,0.6075884992292446,65.14865112304688,0.6684210526315789,0.6644736842105263,0.567095164049517,254.0,0.06898101125386354,0.16154637598737293,1.0
HhqEOtmx4d3QnhpO,train,A,A3,A05,67.0,1304.0,19.46268656716418,196.34646606445312,89.5593490600586,0.1118716234777035,55.943878173828125,0.3582089552238806,0.4253731343283582,0.43279613092816555,24.0,0.047720182209658284,0.2233183072809538,0.9976993865030674
6rlLBO0FfEwAvuQg,train,A,A3,A05,66.0,1094.0,16.575757575757574,200.04132080078125,90.78712463378906,0.13161320702454157,49.9722900390625,0.22727272727272727,0.5454545454545454,0.3301035775916842,15.0,0.05303309336458508,0.2746770913430227,0.9917733089579525
x7mCaoVbWrR6Twmf,train,A,A1,A05,53.0,1143.0,21.566037735849058,205.66409301757812,98.07145690917969,0.12048729757836873,49.55064392089844,0.2830188679245283,0.5660377358490566,0.13400710123224807,15.0,0.05526363608831279,0.2524686251937271,0.9991251093613298
rPC4VZoIhgoYnCdQ,train,B,B,B02,316.0,4218.0,13.348101265822784,164.0712890625,59.61602020263672,0.2887256843785824,72.20819091796875,0.3575949367088608,0.5917721518987342,0.23886195211145003,113.0,0.03451061057861829,0.130554020026386,0.9995258416311048
3ATzohB15YBNy1JE,train,A,A1,A07,54.0,1067.0,19.75925925925926,200.24301147460938,99.85537719726562,0.11975424346558367,55.16633605957031,0.2777777777777778,0.5,0.12011679225549754,15.0,0.07767646065518406,0.21346106475398838,0.9981255857544518
pROMG7Hq8r8jDJKw,train,A,A1,A03,56.0,962.0,17.178571428571427,209.84901428222656,82.1748275756836,0.08236189486189487,47.01893615722656,0.39285714285714285,0.5625,0.23588846521461243,22.0,0.04609199700822737,0.2486322070772891,0.998960498960499
jbNTI6fKybVUiDOO,train,A,A3,A05,79.0,1141.0,14.443037974683545,205.7125701904297,99.87091064453125,0.09336691110396166,49.25840759277344,0.20253164556962025,0.41139240506329117,0.11970467401312126,16.0,0.03979516084035123,0.19276478425213212,0.9842243645924628
fgkXxGbttS4odzuR,train,B,B,B02,295.0,3911.0,13.257627118644068,129.01068115234375,31.29633331298828,0.2800688193664978,69.35680389404297,0.49491525423728816,0.5440677966101695,0.40016865324265066,146.0,0.021951324726795587,0.23280130253654677,1.0
GBJ0CywolBMaKF2U,train,A,A1,A07,39.0,1118.0,28.666666666666668,199.34295654296875,87.3961181640625,0.12912251731571947,50.80232238769531,0.358974358974359,0.6025641025641025,0.15028135518416985,14.0,0.07678668848881615,0.28667038434301884,0.9937388193202147
nxyNrHatu6cDnwWX,train,A,A3,A05,60.0,1074.0,17.9,207.6913299560547,85.53883361816406,0.1148510242085661,38.61767578125,0.31666666666666665,0.45,0.19376058151034453,19.0,0.05611919927206552,0.2106934771800931,0.9823091247672253
7QaVlv0iRRxZZOQT,train,B,B,B02,383.0,4227.0,11.036553524804178,153.99795532226562,47.188804626464844,0.28092376436201194,71.6473159790039,0.4595300261096606,0.46866840731070497,0.6777045768010376,176.0,0.019689350886390723,0.19257662044668092,0.995505086349657
5EYrJvKYvSm5i9uY,train,A,A1,A05,58.0,1079.0,18.603448275862068,200.84242248535156,95.88733673095703,0.1200345147166917,50.36676025390625,0.4827586206896552,0.5431034482758621,0.43576980923780945,28.0,0.05407818011662227,0.24775770410032666,0.9990732159406858
QaYo1SNJahmoZODO,train,A,A2,A01,128.0,1088.0,8.5,163.59262084960938,79.42572784423828,0.16253303079044118,68.99067687988281,1.0,0.49609375,1.0835333142667756,128.0,0.04882273260629486,0.1795390086863355,1.0
ftCq5R12ClNKdTwx,train,A,A2,A01,121.0,1169.0,9.661157024793388,183.53207397460938,71.73179626464844,0.1221995206752964,65.10238647460938,0.2396694214876033,0.4793388429752066,0.5736877324987167,29.0,0.03526320406551999,0.20167973033483194,1.0
6TYkTUhfhTCOxfHT,train,A,A1,A07,37.0,1123.0,30.35135135135135,199.0625762939453,97.4749526977539,0.16127169021202858,51.76890563964844,0.5135135135135135,0.5945945945945946,0.28989125402814403,19.0,0.0895245220504736,0.2956986669862182,0.9777382012466608
cAiIWPKQlkmHqnx2,train,B,B,B02,365.0,4156.0,11.386301369863014,175.9778289794922,55.29887390136719,0.15096773768243965,70.00325012207031,0.7671232876712328,0.38493150684931504,0.5132305287359304,280.0,0.018702215267921162,0.15408717609249498,0.9966313763233878
XjXPcxrzrDPZ6vt1,train,A,A3,A05,95.0,1140.0,12.0,203.01504516601562,92.33574676513672,0.0869713758079409,43.0706787109375,0.3157894736842105,0.34210526315789475,0.3555596229053113,30.0,0.03463058624556501,0.19670764150373585,1.0
zecb2UkogQgF7REu,train,A,A1,A05,49.0,1145.0,23.367346938775512,194.2074737548828,95.09629821777344,0.1168701541752072,52.321533203125,0.30612244897959184,0.5306122448979592,0.22186847160291492,15.0,0.06534000318877552,0.2433716553510292,0.9877729257641922
bP7FUhvfg8zKS8Ry,train,A,A3,A05,72.0,1153.0,16.01388888888889,201.2058563232422,85.3000259399414,0.09866772670328611,46.265777587890625,0.3055555555555556,0.4791666666666667,0.24706740459334323,22.0,0.043338624338624336,0.2346097583772381,0.986990459670425
4f0oEdScUSTeQSDr,train,A,A2,A01,108.0,1244.0,11.518518518518519,176.66830444335938,52.16154479980469,0.2587828986542813,60.2227783203125,0.8240740740740741,0.4166666666666667,0.5858112107171728,89.0,0.06773110160444475,0.26018721081633567,1.0
FaZXVwKpNADcg50S,train,B,B,B01,382.0,3293.0,8.620418848167539,189.29476928710938,83.8934555053711,0.07918589805759639,61.758575439453125,0.18848167539267016,0.5510471204188482,0.07415737326648207,72.0,0.03805591977578297,0.07815549523407563,0.9769207409656848
AEbv8xhtpF4F79zL,train,A,A1,A07,47.0,1138.0,24.21276595744681,198.36097717285156,96.70673370361328,0.13695172568522604,56.82145690917969,0.2765957446808511,0.5319148936170213,0.09382299960581161,13.0,0.08424381828637148,0.26839195079974865,0.9947275922671354
CfUGhlXL85SIizAu,train,A,A1,A05,49.0,1141.0,23.285714285714285,197.98092651367188,94.2857666015625,0.12786850059918797,53.50856018066406,0.3877551020408163,0.5102040816326531,0.19753713182660781,19.0,0.0632962946566913,0.25403134382416115,0.9991235758106923
B91D6rYSd5HRKgkR,train,B,B,B02,391.0,4444.0,11.365728900255755,156.65377807617188,52.626441955566406,0.24840354879477716,69.07086944580078,0.30434782608695654,0.15089514066496162,1.0511280555044227,119.0,0.022257054132101894,0.16177169548263787,0.9932493249324933
sLPTLQQfXbd2tP57,train,A,A3,A05,75.0,1130.0,15.066666666666666,211.166015625,88.56126403808594,0.10971091445427729,43.63487243652344,0.17333333333333334,0.41333333333333333,0.3403099797820894,13.0,0.05307077625570777,0.19505421823857574,0.9814159292035398
NedVWfKopxWmINli,train,A,A1,A03,53.0,1033.0,19.49056603773585,197.91697692871094,96.4022216796875,0.13081517470638734,50.27711486816406,0.41509433962264153,0.5377358490566038,0.23878605202119435,22.0,0.07486541577379396,0.23041678880803113,0.9990319457889641
dqZ9oGgZDCNM4VG7,train,A,A1,A02,54.0,883.0,16.35185185185185,206.88954162597656,84.0030746459961,0.10628748794094207,35.77339172363281,0.5185185185185185,0.5092592592592593,0.27608466939838217,28.0,0.05764855764855765,0.2201420495854348,0.9988674971687429
y0qX93InnWnB2CRK,train,A,A1,A03,47.0,1017.0,21.638297872340427,206.50697326660156,99.31499481201172,0.10897717525471244,50.277923583984375,0.2765957446808511,0.5531914893617021,0.12599402217719333,13.0,0.06507914693719469,0.24701257891831827,0.9990167158308751
JiWKnJ0vqSO6cOQt,train,B,B,B02,421.0,4945.0,11.7458432304038,156.47032165527344,54.073463439941406,0.3361993808376704,68.71492004394531,0.8099762470308789,0.40380047505938244,0.9009736304971762,341.0,0.03181220700808037,0.14438770481961455,0.9900910010111224
EHyu9lD6IvIwRX3U,train,A,A1,A07,54.0,1102.0,20.40740740740741,199.41542053222656,105.6517562866211,0.11331249579888418,53.39013671875,0.35185185185185186,0.5,0.07371885872747493,19.0,0.07938357938357939,0.18717706046373384,1.0
I3fk5Kh0yowPdtXK,train,A,A1,A06,43.0,1092.0,25.3953488372093,205.26011657714844,91.1939926147461,0.09907147116449443,43.36228942871094,0.3023255813953488,0.5348837209302325,0.08241313546036069,13.0,0.10372583558161831,0.2294416103299437,0.9981684981684982
SrgUdoOFiGWedj6W,train,A,A2,A01,108.0,1196.0,11.074074074074074,138.80145263671875,52.727691650390625,0.26812368388455343,64.75093841552734,1.0,0.49537037037037035,0.9291993924469403,108.0,0.08260585417978515,0.18580718563290138,1.0
d3IR5RXi6O5mfCWe,train,A,A3,A05,60.0,1152.0,19.2,198.90994262695312,91.11167907714844,0.13328993055555555,53.6104736328125,0.3333333333333333,0.575,0.3950838145633289,20.0,0.06028661170003926,0.2903746507131439,0.9878472222222222
rWL8NcKADIeMtx0Y,train,B,B,B01,390.0,4772.0,12.235897435897435,194.4347686767578,81.58051300048828,0.07026135362262773,63.02140808105469,0.31025641025641026,0.6641025641025641,0.3004585232959209,121.0,0.024074616176289185,0.09108634231001987,0.980092204526404
0hoCQGQAX4lAGq4N,train,B,B,B01,253.0,3961.0,15.65612648221344,187.66986083984375,90.71775817871094,0.11480013131989467,63.02189636230469,0.2766798418972332,0.5948616600790514,0.09293746342263293,70.0,0.05675528209661792,0.06304020803733516,1.0
XjbjE7dBhxNkEoJF,train,A,A1,A04,38.0,1040.0,27.36842105263158,192.50193786621094,95.48170471191406,0.16217105263157894,51.87370300292969,0.39473684210526316,0.631578947368421,0.21719022469861804,15.0,0.09654143946012712,0.24903465671294028,0.9836538461538461
5y4unaLjqV9Asnb6,train,A,A2,A01,87.0,1242.0,14.275862068965518,161.77186584472656,75.97648620605469,0.2555388972180576,61.41105651855469,0.28735632183908044,0.13793103448275862,0.6904864352129214,25.0,0.10307869774109371,0.2008693925423688,0.9847020933977456
vn0SLBYBKYvISplQ,train,A,A1,A05,53.0,1109.0,20.92452830188679,197.6866455078125,88.52996063232422,0.1491569831736904,48.51142883300781,0.2641509433962264,0.7075471698113207,0.4801969834708028,14.0,0.060370472386723585,0.3005633327499037,0.9963931469792606
6gVBMZZe0au2ocjg,train,A,A3,A03,62.0,1036.0,16.70967741935484,207.31143188476562,81.81822204589844,0.11282538298667331,37.17027282714844,0.4838709677419355,0.49193548387096775,0.5913511834637255,30.0,0.05181165637153969,0.22209610933452742,1.0
13h6IcSjyRyOLZh6,train,A,A1,A03,58.0,964.0,16.620689655172413,211.16111755371094,74.64863586425781,0.0979396194019173,42.120025634765625,0.3793103448275862,0.49137931034482757,0.17628454141216857,22.0,0.04706569945336404,0.25091904456363257,0.9989626556016598
mesbSOn5eKS1hzBA,train,B,B,B02,472.0,4528.0,9.59322033898305,152.1702423095703,33.867210388183594,0.6270433124213931,69.0728530883789,1.0,0.4989406779661017,1.0199305116560522,472.0,0.03399935478384447,0.16934462281622412,0.9988957597173145
ZNIAY93G9oOih7ld,train,B,B,B03,285.0,5245.0,18.403508771929825,169.03700256347656,54.99635314941406,0.2854447845065476,66.87113952636719,0.9578947368421052,0.4807017543859649,0.7137861073487156,273.0,0.054909333776015624,0.13003386149816284,0.9843660629170639
SVluJ44eOV1581q1,train,A,A1,A07,46.0,1099.0,23.891304347826086,197.9441375732422,105.35895538330078,0.14734739090873125,52.90638732910156,0.34782608695652173,0.5108695652173914,0.12220210500855871,16.0,0.10535769850923594,0.2233857779753214,0.9990900818926297
14IXk49pslIq7TaU,train,A,A1,A03,44.0,1010.0,22.954545454545453,211.4542236328125,89.33345031738281,0.08148064806480648,37.08941650390625,0.29545454545454547,0.7045454545454546,0.16145358823405995,13.0,0.06510716340621404,0.21763830721948732,0.9871287128712871
9NeEfZ4Zydpm1VZR,train,B,B,B03,290.0,5616.0,19.36551724137931,143.54705810546875,60.002159118652344,0.15977318498870224,68.97602081298828,0.35172413793103446,0.5155172413793103,0.20463910844486957,102.0,0.0374524671047897,0.13853854097911872,0.9992877492877493
3QRn6pjkjOSX0CoS,train,A,A1,A05,53.0,1058.0,19.962264150943398,198.26307678222656,99.13585662841797,0.11839711809394729,53.58056640625,0.4716981132075472,0.5094339622641509,0.2262146902967335,25.0,0.06645313047395025,0.20578835433608064,0.998109640831758
MzQuRiUbPFsq6Azy,test,A,A3,A05,78.0,1127.0,14.448717948717949,201.15699768066406,84.29047393798828,0.12076536300138785,49.75437927246094,0.1282051282051282,0.9294871794871795,0.651448964080379,10.0,0.03453503275883383,0.26512784391119537,0.9866903283052352
1LrXN25dFz88Spt3,test,A,A3,A05,65.0,1097.0,16.876923076923077,210.01829528808594,90.50442504882812,0.07633405792020195,39.837066650390625,0.23076923076923078,0.47692307692307695,0.10172223417155758,15.0,0.0545883060876542,0.16440078756791515,0.968094804010939
voWkMuyhO8FAlLr5,test,B,B,B02,382.0,4742.0,12.413612565445026,153.97299194335938,55.19110870361328,0.62169628208214,66.29190826416016,1.0,0.4986910994764398,0.8782954985786261,382.0,0.08030081359827602,0.10417296792138356,1.0
iQqdWwQ7uXrATwei,test,B,B,B02,322.0,4010.0,12.453416149068323,170.03167724609375,69.13506317138672,0.10515249144220194,64.72776794433594,0.2701863354037267,0.5248447204968945,0.3718828993941544,87.0,0.03234840741720214,0.10922210842790474,0.9832917705735661
fdbPL2qsoaciDFoi,test,A,A2,A01,111.0,1082.0,9.747747747747749,166.42758178710938,62.37123107910156,0.19833141829444972,61.910308837890625,0.38738738738738737,0.6216216216216216,0.2664060087591169,43.0,0.07326548125455604,0.16244297332810445,0.9916820702402958
nEnN2tNfiPuI0eKo,test,B,B,B02,464.0,4251.0,9.161637931034482,182.1819610595703,79.06273651123047,0.08578154024610841,68.72366333007812,0.4202586206896552,0.5754310344827587,0.407747291105346,195.0,0.020881711480628007,0.10335176332210129,0.9922371206774877
Z7TfVaawKoiQZOO7,test,A,A1,A02,57.0,772.0,13.543859649122806,205.79415893554688,99.69221496582031,0.13203345150440868,49.23260498046875,0.05263157894736842,0.017543859649122806,0.22636295551090266,3.0,0.06859342164293641,0.26218699629245223,0.9831606217616581
03YCd0KimccDeZBL,unlisted,A,A3,A05,69.0,1160.0,16.81159420289855,197.43617248535156,90.98016357421875,0.1435657171414293,50.30369567871094,0.34782608695652173,0.5434782608695652,0.6629069040659026,24.0,0.05347984325114257,0.28438498117225125,0.9887931034482759
0DfQnPOMbdYvpiYK,unlisted,A,A1,A05,57.0,1100.0,19.29824561403509,198.44781494140625,91.13247680664062,0.1628708133971292,49.761871337890625,0.5263157894736842,0.5350877192982456,0.5481572614736013,30.0,0.062467885194156934,0.27039309024860453,1.0
0Edbprp5WDrmU1jw,unlisted,A,A1,A03,43.0,1004.0,23.348837209302324,205.45172119140625,67.85472106933594,0.09144816084499212,48.058135986328125,0.32558139534883723,0.5232558139534884,0.11252915449277381,14.0,0.05993077903940737,0.296457109595008,0.9870517928286853
0J5cxT1QkwEKuLKd,unlisted,A,A1,A05,47.0,1086.0,23.106382978723403,203.7386932373047,96.57717895507812,0.11737392735394381,51.38313293457031,0.3617021276595745,0.5531914893617021,0.1261669269971523,17.0,0.06642422360937102,0.24333135259260055,0.9677716390423573
0KvfCfYM9aC0bBDE,unlisted,B,B,B02,258.0,4073.0,15.786821705426357,133.860595703125,53.28772735595703,0.24014449475369087,67.58438873291016,0.41472868217054265,0.5968992248062015,0.49212943826810096,107.0,0.04752944881344006,0.1238209655941009,0.9923889025288485
