trial,session,description,model,variant,score,word_edits_per_line,char_edits_per_line,wer_corpus,cer_corpus,delta_baseline,delta_ci95_lo,delta_ci95_hi,p_better_baseline,delta_champion,runtime_min,peak_gpu_gb,n_train,n_val,empty,truncated,status,time,score_A,score_B,lr,aug_profile,class_hint,class_aug_copies,system,scheme,base_model,weights
MEGA_001__q3_shared__top1,MEGA_001,Shared + class-wise (A/B) + sub-class-wise (A1/A2/A3/B) Qwen3-VL-8B systems and a shared Qwen2.5-VL-7B; inner validation every 100 steps with best-step restore; beam-5 N-best pooled; cross-system rescoring; MBR ensembles on all 819 Fold-0 val lines,q3_shared,D2_b5nb/top1,-0.0107954545454545,11.75,57.333333333333336,1.0,0.8719898605830165,,,,,,0.3384796261787414,0.0,12,12,0,12,REJECTED,2026-09-28 23:13:13,-0.0313131313131312,0.0507575757575757,0.0002,realistic,True,,q3_shared,shared,q3,
MEGA_001__q3_shared__mbr,MEGA_001,Shared + class-wise (A/B) + sub-class-wise (A1/A2/A3/B) Qwen3-VL-8B systems and a shared Qwen2.5-VL-7B; inner validation every 100 steps with best-step restore; beam-5 N-best pooled; cross-system rescoring; MBR ensembles on all 819 Fold-0 val lines,q3_shared,D2_b5nb/mbr,-0.0054924242424241,11.75,56.75,1.0,0.8631178707224335,0.0053030303030302,-0.0037878787878788,0.0166856060606057,0.8262,0.0053030303030303,0.3384796261787414,0.0,12,12,0,12,REJECTED,2026-09-28 23:13:13,-0.0272727272727272,0.0598484848484848,0.0002,realistic,True,,q3_shared,shared,q3,
MEGA_001__q3_class__top1,MEGA_001,Shared + class-wise (A/B) + sub-class-wise (A1/A2/A3/B) Qwen3-VL-8B systems and a shared Qwen2.5-VL-7B; inner validation every 100 steps with best-step restore; beam-5 N-best pooled; cross-system rescoring; MBR ensembles on all 819 Fold-0 val lines,q3_class,D2_b5nb/top1,0.0073863636363636,11.75,55.333333333333336,1.0,0.8415716096324461,0.0181818181818181,0.0037878787878787,0.0325757575757575,0.9947,0.0128787878787877,0.6755802194277446,0.0,12,12,0,12,REJECTED,2026-09-28 23:13:22,-0.011111111111111,0.0628787878787879,0.0002,realistic,True,,q3_class,class,q3,
MEGA_001__q3_class__mbr,MEGA_001,Shared + class-wise (A/B) + sub-class-wise (A1/A2/A3/B) Qwen3-VL-8B systems and a shared Qwen2.5-VL-7B; inner validation every 100 steps with best-step restore; beam-5 N-best pooled; cross-system rescoring; MBR ensembles on all 819 Fold-0 val lines,q3_class,D2_b5nb/mbr,0.0119318181818181,11.75,54.833333333333336,1.0,0.8339670468948035,0.0227272727272726,0.0106060606060605,0.0356060606060605,1.0,0.0045454545454545,0.6755802194277446,0.0,12,12,0,12,REJECTED,2026-09-28 23:13:22,-0.009090909090909,0.075,0.0002,realistic,True,,q3_class,class,q3,
MEGA_001__q3_subclass__top1,MEGA_001,Shared + class-wise (A/B) + sub-class-wise (A1/A2/A3/B) Qwen3-VL-8B systems and a shared Qwen2.5-VL-7B; inner validation every 100 steps with best-step restore; beam-5 N-best pooled; cross-system rescoring; MBR ensembles on all 819 Fold-0 val lines,q3_subclass,D2_b5nb/top1,-0.0100378787878788,11.75,57.25,1.0,0.870722433460076,0.0007575757575757,-0.0393939393939393,0.0265151515151514,0.5554,-0.0219696969696969,0.9553869485855102,0.0,12,12,0,12,REJECTED,2026-09-28 23:13:36,-0.0343434343434343,0.0628787878787879,0.0002,realistic,True,,q3_subclass,subclass,q3,
MEGA_001__q3_subclass__mbr,MEGA_001,Shared + class-wise (A/B) + sub-class-wise (A1/A2/A3/B) Qwen3-VL-8B systems and a shared Qwen2.5-VL-7B; inner validation every 100 steps with best-step restore; beam-5 N-best pooled; cross-system rescoring; MBR ensembles on all 819 Fold-0 val lines,q3_subclass,D2_b5nb/mbr,-0.0047348484848484,11.75,56.66666666666666,1.0,0.861850443599493,0.006060606060606,-0.0348484848484848,0.0333333333333332,0.6892,-0.0166666666666665,0.9553869485855102,0.0,12,12,0,12,REJECTED,2026-09-28 23:13:36,-0.0313131313131312,0.075,0.0002,realistic,True,,q3_subclass,subclass,q3,
MEGA_001__q25_shared__top1,MEGA_001,Shared + class-wise (A/B) + sub-class-wise (A1/A2/A3/B) Qwen3-VL-8B systems and a shared Qwen2.5-VL-7B; inner validation every 100 steps with best-step restore; beam-5 N-best pooled; cross-system rescoring; MBR ensembles on all 819 Fold-0 val lines,q25_shared,D2_b5nb/top1,0.0225378787878788,11.75,53.66666666666666,1.0,0.8162230671736375,0.0333333333333332,0.0151515151515151,0.0545454545454545,1.0,0.0106060606060607,0.5037312587102254,0.0,12,12,0,12,REJECTED,2026-09-28 23:14:13,0.008080808080808,0.0659090909090909,0.0002,realistic,True,,q25_shared,shared,q25,
MEGA_001__q25_shared__mbr,MEGA_001,Shared + class-wise (A/B) + sub-class-wise (A1/A2/A3/B) Qwen3-VL-8B systems and a shared Qwen2.5-VL-7B; inner validation every 100 steps with best-step restore; beam-5 N-best pooled; cross-system rescoring; MBR ensembles on all 819 Fold-0 val lines,q25_shared,D2_b5nb/mbr,0.0240530303030303,11.75,53.5,1.0,0.8136882129277566,0.0348484848484847,0.0159090909090908,0.056060606060606,1.0,0.0015151515151514,0.5037312587102254,0.0,12,12,0,12,PROMOTED,2026-09-28 23:14:13,0.0111111111111111,0.0628787878787879,0.0002,realistic,True,,q25_shared,shared,q25,
MEGA_001__pool_mbr_equal,MEGA_001,Shared + class-wise (A/B) + sub-class-wise (A1/A2/A3/B) Qwen3-VL-8B systems and a shared Qwen2.5-VL-7B; inner validation every 100 steps with best-step restore; beam-5 N-best pooled; cross-system rescoring; MBR ensembles on all 819 Fold-0 val lines,q3_shared+q3_class+q3_subclass+q3_B_cont+q25_shared,pool_mbr_equal,0.0043560606060606,11.75,55.66666666666666,1.0,0.8466413181242078,0.0151515151515151,0.003030303030303,0.0295454545454545,0.9986,-0.0196969696969696,0.0004178086916605,0.0,12,12,0,0,REJECTED,2026-09-28 23:17:36,-0.0181818181818181,0.071969696969697,0.0002,realistic,True,,ENSEMBLE,,,"{""q3_shared"": 1.0, ""q3_class"": 1.0, ""q3_subclass"": 1.0, ""q3_B_cont"": 1.0, ""q25_shared"": 1.0}"
MEGA_001__pool_mbr_quality,MEGA_001,Shared + class-wise (A/B) + sub-class-wise (A1/A2/A3/B) Qwen3-VL-8B systems and a shared Qwen2.5-VL-7B; inner validation every 100 steps with best-step restore; beam-5 N-best pooled; cross-system rescoring; MBR ensembles on all 819 Fold-0 val lines,q3_shared+q3_class+q3_subclass+q3_B_cont+q25_shared,pool_mbr_quality,0.0126893939393939,11.75,54.75,1.0,0.8326996197718631,0.0234848484848484,0.0068181818181818,0.0439393939393939,0.9998,-0.0113636363636363,0.0004832506179809,0.0,12,12,0,0,REJECTED,2026-09-28 23:17:36,-0.0070707070707071,0.071969696969697,0.0002,realistic,True,,ENSEMBLE,,,"{""q3_shared"": 0.99, ""q3_class"": 1.01, ""q3_subclass"": 1.0, ""q3_B_cont"": 1.05, ""q25_shared"": 1.02}"
MEGA_001__pool_mbr_quality_median,MEGA_001,Shared + class-wise (A/B) + sub-class-wise (A1/A2/A3/B) Qwen3-VL-8B systems and a shared Qwen2.5-VL-7B; inner validation every 100 steps with best-step restore; beam-5 N-best pooled; cross-system rescoring; MBR ensembles on all 819 Fold-0 val lines,q3_shared+q3_class+q3_subclass+q3_B_cont+q25_shared,pool_mbr_quality_median,0.0172348484848485,11.75,54.25,1.0,0.8250950570342205,0.028030303030303,0.0113636363636363,0.0469696969696969,1.0,-0.0068181818181817,0.0018306016921997,0.0,12,12,0,0,REJECTED,2026-09-28 23:17:36,0.001010101010101,0.0659090909090909,0.0002,realistic,True,,ENSEMBLE,,,"{""q3_shared"": 0.99, ""q3_class"": 1.01, ""q3_subclass"": 1.0, ""q3_B_cont"": 1.05, ""q25_shared"": 1.02}"
MEGA_001__rescore_mbr,MEGA_001,Shared + class-wise (A/B) + sub-class-wise (A1/A2/A3/B) Qwen3-VL-8B systems and a shared Qwen2.5-VL-7B; inner validation every 100 steps with best-step restore; beam-5 N-best pooled; cross-system rescoring; MBR ensembles on all 819 Fold-0 val lines,q3_shared+q3_class+q3_subclass+q3_B_cont+q25_shared,rescore_mbr,0.0058712121212121,11.75,55.5,1.0,0.844106463878327,0.0166666666666666,0.0068181818181817,0.0287878787878787,1.0,-0.0181818181818181,0.0004888216654459,0.0,12,12,0,0,REJECTED,2026-09-28 23:17:36,-0.0131313131313131,0.0628787878787879,0.0002,realistic,True,,ENSEMBLE,,,"{""q3_shared"": 0.99, ""q3_class"": 1.01, ""q3_subclass"": 1.0, ""q3_B_cont"": 1.05, ""q25_shared"": 1.02}"
MEGA_001__rescore_mbr_median,MEGA_001,Shared + class-wise (A/B) + sub-class-wise (A1/A2/A3/B) Qwen3-VL-8B systems and a shared Qwen2.5-VL-7B; inner validation every 100 steps with best-step restore; beam-5 N-best pooled; cross-system rescoring; MBR ensembles on all 819 Fold-0 val lines,q3_shared+q3_class+q3_subclass+q3_B_cont+q25_shared,rescore_mbr_median,0.0058712121212121,11.75,55.5,1.0,0.844106463878327,0.0166666666666666,0.0068181818181817,0.0287878787878787,1.0,-0.0181818181818181,0.0012533863385518,0.0,12,12,0,0,REJECTED,2026-09-28 23:17:37,-0.0131313131313131,0.0628787878787879,0.0002,realistic,True,,ENSEMBLE,,,"{""q3_shared"": 0.99, ""q3_class"": 1.01, ""q3_subclass"": 1.0, ""q3_B_cont"": 1.05, ""q25_shared"": 1.02}"
MEGA_001__rescore_map,MEGA_001,Shared + class-wise (A/B) + sub-class-wise (A1/A2/A3/B) Qwen3-VL-8B systems and a shared Qwen2.5-VL-7B; inner validation every 100 steps with best-step restore; beam-5 N-best pooled; cross-system rescoring; MBR ensembles on all 819 Fold-0 val lines,q3_shared+q3_class+q3_subclass+q3_B_cont+q25_shared,rescore_map,0.0020833333333333,11.75,55.91666666666666,1.0,0.8504435994930292,0.0128787878787878,0.003030303030303,0.0249999999999999,0.9978,-0.0219696969696969,0.0001259406407674,0.0,12,12,0,0,REJECTED,2026-09-28 23:17:37,-0.0181818181818181,0.0628787878787879,0.0002,realistic,True,,ENSEMBLE,,,"{""q3_shared"": 0.99, ""q3_class"": 1.01, ""q3_subclass"": 1.0, ""q3_B_cont"": 1.05, ""q25_shared"": 1.02}"
