trial,session,description,model,variant,score,word_edits_per_line,char_edits_per_line,wer_corpus,cer_corpus,delta_baseline,delta_ci95_lo,delta_ci95_hi,p_better_baseline,delta_champion,runtime_min,peak_gpu_gb,n_train,n_val,empty,truncated,status,time,score_A,score_B,lr,aug_profile,class_hint,class_aug_copies
PSL_001__q3_auto_top-1,PSL_001,"test_pesudo: pseudo-labels for test + unlisted from LABELERS + guide judged by every labeler, pooled by MBR, confidence calibrated on Fold-0 val",q3_auto top-1,pseudo-label,0.0134469696969697,11.75,54.66666666666666,1.0,0.8314321926489227,-0.8851641414141413,-1.0042976641414143,-0.7711458333333334,0.0,,0.0,0.0,60,12,0,0,EVALUATED,2026-09-29 12:44:59,-0.0101010101010101,0.0840909090909091,,-,False,
PSL_001__q3_auto_MBR_(own_5-best),PSL_001,"test_pesudo: pseudo-labels for test + unlisted from LABELERS + guide judged by every labeler, pooled by MBR, confidence calibrated on Fold-0 val",q3_auto MBR (own 5-best),pseudo-label,0.0111742424242424,11.75,54.91666666666666,1.0,0.835234474017744,-0.8874368686868687,-1.0079545454545455,-0.7726609848484847,0.0,-0.0022727272727272,0.0,0.0,60,12,0,0,EVALUATED,2026-09-29 12:44:59,-0.012121212121212,0.0810606060606061,,-,False,
PSL_001__q3_subclass_top-1,PSL_001,"test_pesudo: pseudo-labels for test + unlisted from LABELERS + guide judged by every labeler, pooled by MBR, confidence calibrated on Fold-0 val",q3_subclass top-1,pseudo-label,0.0051136363636363,11.75,55.583333333333336,1.0,0.8453738910012675,-0.8934974747474747,-1.0133854166666665,-0.7802398989898992,0.0,-0.0083333333333333,0.0,0.0,60,12,0,0,EVALUATED,2026-09-29 12:44:59,-0.0141414141414141,0.0628787878787879,,-,False,
PSL_001__q3_subclass_MBR_(own_5-best),PSL_001,"test_pesudo: pseudo-labels for test + unlisted from LABELERS + guide judged by every labeler, pooled by MBR, confidence calibrated on Fold-0 val",q3_subclass MBR (own 5-best),pseudo-label,0.0081439393939393,11.75,55.25,1.0,0.8403041825095057,-0.8904671717171717,-1.014330808080808,-0.7732954545454547,0.0,-0.0053030303030303,0.0,0.0,60,12,0,0,EVALUATED,2026-09-29 12:44:59,-0.012121212121212,0.0689393939393939,,-,False,
PSL_001__q25_base_fewshot_top-1,PSL_001,"test_pesudo: pseudo-labels for test + unlisted from LABELERS + guide judged by every labeler, pooled by MBR, confidence calibrated on Fold-0 val",q25_base_fewshot top-1,pseudo-label,0.0005681818181818,11.75,56.083333333333336,1.0,0.85297845373891,-0.8980429292929292,-1.0206455176767677,-0.7808664772727274,0.0,-0.0128787878787879,0.0,0.0,60,12,0,0,EVALUATED,2026-09-29 12:44:59,-0.0181818181818181,0.0568181818181818,,-,False,
PSL_001__q25_base_fewshot_MBR_(own_5-best),PSL_001,"test_pesudo: pseudo-labels for test + unlisted from LABELERS + guide judged by every labeler, pooled by MBR, confidence calibrated on Fold-0 val",q25_base_fewshot MBR (own 5-best),pseudo-label,-0.0085227272727272,11.75,57.083333333333336,1.0,0.8681875792141952,-0.9071338383838382,-1.029924242424242,-0.7904040404040403,0.0,-0.0219696969696969,0.0,0.0,60,12,0,0,EVALUATED,2026-09-29 12:44:59,-0.0272727272727272,0.0477272727272727,,-,False,
PSL_001__pooled_labelers_(own_5-best),PSL_001,"test_pesudo: pseudo-labels for test + unlisted from LABELERS + guide judged by every labeler, pooled by MBR, confidence calibrated on Fold-0 val",pooled labelers (own 5-best),pseudo-label,0.0005681818181818,11.75,56.083333333333336,1.0,0.85297845373891,-0.8980429292929294,-1.024180871212121,-0.7805492424242425,0.0,-0.0128787878787879,0.0,0.0,60,12,0,0,EVALUATED,2026-09-29 12:49:17,-0.0202020202020202,0.0628787878787879,,-,False,
PSL_001__pooled_labelers_+_judged_guide,PSL_001,"test_pesudo: pseudo-labels for test + unlisted from LABELERS + guide judged by every labeler, pooled by MBR, confidence calibrated on Fold-0 val",pooled labelers + judged guide,pseudo-label,-0.0024621212121211,11.75,56.41666666666666,1.0,0.8580481622306717,-0.9010732323232324,-1.025378787878788,-0.7859848484848486,0.0,-0.0159090909090908,0.0,0.0,60,12,0,0,EVALUATED,2026-09-29 12:49:17,-0.0181818181818181,0.0446969696969697,,-,False,
PSL_001__guide_alone,PSL_001,"test_pesudo: pseudo-labels for test + unlisted from LABELERS + guide judged by every labeler, pooled by MBR, confidence calibrated on Fold-0 val",guide alone,pseudo-label,0.898611111111111,1.8333333333333333,2.75,0.1560283687943262,0.0418250950570342,0.0,0.0,0.0,0.0,0.8851641414141413,0.0,0.0,60,12,0,0,EVALUATED,2026-09-29 12:49:17,0.9103535353535354,0.8633838383838384,,-,False,
PSL_001__PSEUDO-LABEL_RULE_(guide_weight_0.5),PSL_001,"test_pesudo: pseudo-labels for test + unlisted from LABELERS + guide judged by every labeler, pooled by MBR, confidence calibrated on Fold-0 val",PSEUDO-LABEL RULE (guide weight 0.5),pseudo-label,0.898611111111111,1.8333333333333333,2.75,0.15602836879432624,0.04182509505703422,0.0,0.0,0.0,0.0,0.0,0.0,0.0,60,12,0,0,EVALUATED,2026-09-29 12:49:17,0.9103535353535354,0.8633838383838384,,-,False,null
