option,has_test,val_score,word/line,char/line,A01,A02,A03,A04,A05,A06,A07,B01,B02,B03
after/judged,True,0.898611111111111,1.8333333333333333,2.75,0.8525252525252525,,,,0.9184343434343434,,0.9601010101010101,,1.0,0.7950757575757575
self1/judged,True,0.898611111111111,1.8333333333333333,2.75,0.8525252525252525,,,,0.9184343434343434,,0.9601010101010101,,1.0,0.7950757575757575
guide,True,0.898611111111111,1.8333333333333333,2.75,0.8525252525252525,,,,0.9184343434343434,,0.9601010101010101,,1.0,0.7950757575757575
after/model_top1,True,0.002840909090909116,11.75,55.833333333333336,0.16212121212121205,,,,-0.23964646464646466,,0.013888888888888895,,0.14696969696969697,0.0390151515151515
self1/model_mbr,True,-0.0009469696969696684,11.75,56.25,0.16515151515151516,,,,-0.2487373737373738,,0.007828282828282906,,0.14696969696969697,0.03446969696969693
self1/model_top1,True,-0.001704545454545403,11.75,56.333333333333336,0.15606060606060607,,,,-0.25782828282828285,,0.01994949494949494,,0.14696969696969697,0.0390151515151515
after/model_mbr,True,-0.0024621212121211378,11.75,56.416666666666664,0.16515151515151516,,,,-0.2547979797979797,,0.007828282828282906,,0.14696969696969697,0.03446969696969693
before/model_mbr,False,,,,,,,,,,,,,
before/model_top1,False,,,,,,,,,,,,,
