char,repr,count,frac,unicode_name,cat,n_labels
 ,' ',42111,0.16510944955675183,SPACE,Zs,4098
e,'e',27879,0.10930840740406746,LATIN SMALL LETTER E,Ll,4095
a,'a',16998,0.06664601703986293,LATIN SMALL LETTER A,Ll,4067
t,'t',16291,0.06387400068222185,LATIN SMALL LETTER T,Ll,4018
o,'o',15764,0.061807731063442714,LATIN SMALL LETTER O,Ll,4033
n,'n',15676,0.06146269932444354,LATIN SMALL LETTER N,Ll,4037
s,'s',13748,0.053903367588188936,LATIN SMALL LETTER S,Ll,3854
r,'r',13147,0.05154695764343322,LATIN SMALL LETTER R,Ll,3973
i,'i',11499,0.04508545416763053,LATIN SMALL LETTER I,Ll,3893
d,'d',11030,0.04324659183137358,LATIN SMALL LETTER D,Ll,3781
h,'h',10896,0.04272120259244302,LATIN SMALL LETTER H,Ll,3868
l,'l',8188,0.032103634987786664,LATIN SMALL LETTER L,Ll,3172
f,'f',5448,0.02136060129622151,LATIN SMALL LETTER F,Ll,2994
m,'m',4486,0.01758877705852601,LATIN SMALL LETTER M,Ll,2749
u,'u',4384,0.01718885390650424,LATIN SMALL LETTER U,Ll,2604
y,'y',4149,0.016267462330767812,LATIN SMALL LETTER Y,Ll,2536
c,'c',3936,0.015432328689781179,LATIN SMALL LETTER C,Ll,2494
p,'p',3731,0.014628561570521743,LATIN SMALL LETTER P,Ll,2240
g,'g',3461,0.013569941462228827,LATIN SMALL LETTER G,Ll,2219
w,'w',2760,0.010821449995883144,LATIN SMALL LETTER W,Ll,2005
b,'b',2708,0.01061756760465636,LATIN SMALL LETTER B,Ll,2013
v,'v',1957,0.007673035377515693,LATIN SMALL LETTER V,Ll,1571
S,'S',1022,0.004007073150649483,LATIN CAPITAL LETTER S,Lu,858
^,'^',872,0.0034189508682645297,CIRCUMFLEX ACCENT,Sk,688
I,'I',799,0.003132731357503852,LATIN CAPITAL LETTER I,Lu,708
&,'&',757,0.0029680571184360653,AMPERSAND,Po,562
T,'T',700,0.002744570651129783,LATIN CAPITAL LETTER T,Lu,637
x,'x',694,0.0027210457598343847,LATIN SMALL LETTER X,Ll,623
C,'C',676,0.00265047108594819,LATIN CAPITAL LETTER C,Lu,607
E,'E',649,0.0025446090751188987,LATIN CAPITAL LETTER E,Lu,602
",","','",628,0.002462271955585005,COMMA,Po,387
A,'A',618,0.0024230638034260085,LATIN CAPITAL LETTER A,Lu,564
J,'J',519,0.002034903097051939,LATIN CAPITAL LETTER J,Lu,477
:,':',470,0.0018427831514728542,COLON,Po,370
B,'B',454,0.0017800501080184592,LATIN CAPITAL LETTER B,Lu,429
L,'L',430,0.0016859505428368667,LATIN CAPITAL LETTER L,Lu,407
M,'M',429,0.001682029727620967,LATIN CAPITAL LETTER M,Lu,401
k,'k',411,0.0016114550537347726,LATIN SMALL LETTER K,Ll,390
W,'W',410,0.001607534238518873,LATIN CAPITAL LETTER W,Lu,373
R,'R',384,0.001505593042905481,LATIN CAPITAL LETTER R,Lu,354
G,'G',342,0.0013409188038376939,LATIN CAPITAL LETTER G,Lu,311
H,'H',341,0.0013369979886217942,LATIN CAPITAL LETTER H,Lu,310
P,'P',331,0.0012977898364627974,LATIN CAPITAL LETTER P,Lu,299
D,'D',304,0.0011919278256335058,LATIN CAPITAL LETTER D,Lu,281
1,'1',235,0.0009213915757364271,DIGIT ONE,Nd,177
.,'.',211,0.0008272920105548345,FULL STOP,Po,175
-,'-',184,0.0007214299997255429,HYPHEN-MINUS,Pd,163
6,'6',182,0.0007135883692937435,DIGIT SIX,Nd,154
q,'q',178,0.0006979051084301448,LATIN SMALL LETTER Q,Ll,174
N,'N',144,0.0005645973910895553,LATIN CAPITAL LETTER N,Lu,135
K,'K',139,0.0005449933150100569,LATIN CAPITAL LETTER K,Lu,137
~,'~',134,0.0005253892389305584,TILDE,Sm,87
F,'F',130,0.0005097059780669597,LATIN CAPITAL LETTER F,Lu,123
4,'4',128,0.0005018643476351603,DIGIT FOUR,Nd,106
j,'j',96,0.00037639826072637025,LATIN SMALL LETTER J,Ll,95
2,'2',82,0.0003215068477037746,DIGIT TWO,Nd,74
O,'O',77,0.00030190277162427614,LATIN CAPITAL LETTER O,Lu,76
0,'0',72,0.00028229869554477764,DIGIT ZERO,Nd,55
7,'7',48,0.00018819913036318512,DIGIT SEVEN,Nd,48
_,'_',48,0.00018819913036318512,LOW LINE,Pc,9
3,'3',47,0.00018427831514728542,DIGIT THREE,Nd,46
z,'z',46,0.00018035749993138573,LATIN SMALL LETTER Z,Ll,45
5,'5',46,0.00018035749993138573,DIGIT FIVE,Nd,45
X,'X',45,0.00017643668471548605,LATIN CAPITAL LETTER X,Lu,45
(,'(',40,0.0001568326086359876,LEFT PARENTHESIS,Ps,39
',"""'""",38,0.00014899097820418822,APOSTROPHE,Po,35
8,'8',33,0.00012938690212468975,DIGIT EIGHT,Nd,31
),')',31,0.00012154527169289038,RIGHT PARENTHESIS,Pe,30
V,'V',30,0.0001176244564769907,LATIN CAPITAL LETTER V,Lu,30
9,'9',29,0.000113703641261091,DIGIT NINE,Nd,28
;,';',25,9.802038039749225e-05,SEMICOLON,Po,23
"""","'""'",18,7.057467388619441e-05,QUOTATION MARK,Po,16
Y,'Y',16,6.273304345439504e-05,LATIN CAPITAL LETTER Y,Lu,16
U,'U',11,4.312896737489659e-05,LATIN CAPITAL LETTER U,Lu,11
+,'+',6,2.352489129539814e-05,PLUS SIGN,Sm,5
Q,'Q',4,1.568326086359876e-05,LATIN CAPITAL LETTER Q,Lu,4
*,'*',3,1.176244564769907e-05,ASTERISK,Po,2
#,'#',2,7.84163043179938e-06,NUMBER SIGN,Po,2
?,'?',2,7.84163043179938e-06,QUESTION MARK,Po,2
|,'|',1,3.92081521589969e-06,VERTICAL LINE,Sm,1
\,'\\',1,3.92081521589969e-06,REVERSE SOLIDUS,Po,1
