image_feat,label_feat,spearman,abs
ink_w_xh,n_chars,0.4450733354097609,0.4450733354097609
w_xh,n_chars,0.4404738773246662,0.4404738773246662
tenengrad,n_chars,0.4255216349876559,0.4255216349876559
lap_var,n_chars,0.42275875106955035,0.42275875106955035
aspect,n_chars,0.4215418000643615,0.4215418000643615
blockiness,n_chars,-0.39151716697969535,0.39151716697969535
tenengrad,n_words,0.386842477338765,0.386842477338765
aspect,n_words,0.3835012037926734,0.3835012037926734
bg_hue,n_chars,0.37898978731736294,0.37898978731736294
lap_var_norm,n_chars,0.3747346880440532,0.3747346880440532
ink_w_xh,n_words,0.3728895724090941,0.3728895724090941
lap_var,n_words,0.3717678242629341,0.3717678242629341
w_xh,n_words,0.367821109147537,0.367821109147537
blockiness,n_words,-0.3378038809475159,0.3378038809475159
bg_hue,n_words,0.3312334372312782,0.3312334372312782
fisher_sep,n_chars,-0.32951151779194265,0.32951151779194265
illum_cv,n_chars,-0.32466364010691356,0.32466364010691356
lap_var_norm,n_words,0.32256089039626407,0.32256089039626407
edge_grad_rel,n_chars,0.31807854111066075,0.31807854111066075
core_h,n_chars,-0.31249320878969966,0.31249320878969966
illum_lr_diff,n_chars,0.30550565818278175,0.30550565818278175
fisher_sep,n_words,-0.29733941283821397,0.29733941283821397
g_p75,n_chars,0.29259471984264157,0.29259471984264157
core_h,upper_frac,0.2922228016760994,0.2922228016760994
edge_density,n_chars,0.2909224545323186,0.2909224545323186
stroke_w_std,n_chars,-0.286036899995667,0.286036899995667
bg_R,n_chars,0.28538666793106465,0.28538666793106465
ink_w_xh,upper_frac,-0.28524335525193845,0.28524335525193845
w_xh,upper_frac,-0.2847748603560853,0.2847748603560853
g_p50,n_chars,0.2829427566786002,0.2829427566786002
edge_grad_rel,n_words,0.28231465914583115,0.28231465914583115
ink_R,n_chars,0.27972605397540573,0.27972605397540573
n_gaps,n_words,0.277330022360305,0.277330022360305
illum_cv,n_words,-0.2749472410807204,0.2749472410807204
ladder_h,n_chars,-0.2740788790545231,0.2740788790545231
ink_mean,n_chars,0.2722629173091399,0.2722629173091399
n_gaps,upper_frac,-0.27224787814045637,0.27224787814045637
ink_G,n_chars,0.2713483806093698,0.2713483806093698
g_p95,n_chars,0.271325700268366,0.271325700268366
slant_shear,n_amp,0.27117305939832886,0.27117305939832886
illum_lr_diff,n_words,0.27019003483322385,0.27019003483322385
n_gaps,n_chars,0.26919441629847496,0.26919441629847496
bg_mean,n_chars,0.26793856362020524,0.26793856362020524
g_std,n_amp,0.26785264336283277,0.26785264336283277
bg_G,n_chars,0.2670909513773372,0.2670909513773372
core_h,n_words,-0.26704888045325414,0.26704888045325414
ink_sat,n_chars,-0.2655825937448664,0.2655825937448664
stroke_w_std,n_punct,0.26464531835383764,0.26464531835383764
ink_B,n_chars,0.2646434221582546,0.2646434221582546
g_mean,n_chars,0.2623836644635761,0.2623836644635761
g_std,n_chars,0.25951413177010746,0.25951413177010746
ladder_h,n_words,-0.2583415713251736,0.2583415713251736
otsu,n_chars,0.25802995112830845,0.25802995112830845
bg_B,n_chars,0.25591929110242206,0.25591929110242206
g_p25,n_chars,0.2537976365720133,0.2537976365720133
g_std,n_words,0.25166560643105496,0.25166560643105496
edge_density,n_words,0.24895724861097282,0.24895724861097282
bg_R,n_words,0.24852101272958482,0.24852101272958482
g_p75,n_words,0.24770060827011306,0.24770060827011306
tall,n_punct,0.24687945765990435,0.24687945765990435
height,n_chars,-0.24665258618711075,0.24665258618711075
stroke_w_rel,upper_frac,-0.24650005485166018,0.24650005485166018
bg_sat,n_chars,-0.2462817569445593,0.2462817569445593
height,upper_frac,0.23941994122780005,0.23941994122780005
ink_y1,n_chars,-0.2389535486957534,0.2389535486957534
entropy,upper_frac,0.23891159712562718,0.23891159712562718
g_p50,n_words,0.2376213726025414,0.2376213726025414
ladder_h,upper_frac,0.2374478560200232,0.2374478560200232
ink_h,n_chars,-0.23744171824823387,0.23744171824823387
otsu,n_punct,-0.23680980372596605,0.23680980372596605
ink_G,n_punct,-0.23639692957468836,0.23639692957468836
stroke_w_std,n_words,-0.23620717663096988,0.23620717663096988
illum_cv,upper_frac,0.23563881392644528,0.23563881392644528
ink_mean,n_punct,-0.234611484859136,0.234611484859136
stroke_w_std,upper_frac,0.2342711648467185,0.2342711648467185
height,n_words,-0.23425293136935613,0.23425293136935613
ink_B,n_punct,-0.23416128818024737,0.23416128818024737
ink_R,n_words,0.23336296634122844,0.23336296634122844
file_bytes,upper_frac,0.2333368329188029,0.2333368329188029
g_p25,upper_frac,-0.2327947016752964,0.2327947016752964
n_gaps_wide,upper_frac,-0.23246374893341426,0.23246374893341426
g_p1,n_amp,-0.23155979645737412,0.23155979645737412
stroke_w_rel,n_chars,0.2314626144273618,0.2314626144273618
bg_sat,upper_frac,0.23063747408095955,0.23063747408095955
bg_sat,n_punct,0.22979721430757272,0.22979721430757272
ink_y1,upper_frac,0.22955112540536313,0.22955112540536313
bg_tint_RB,n_chars,-0.2289989573481416,0.2289989573481416
ink_h,upper_frac,0.22867000606866253,0.22867000606866253
ink_R,n_punct,-0.22841480187859864,0.22841480187859864
g_p95,n_words,0.22816677593655377,0.22816677593655377
ink_h,n_words,-0.22761949004191498,0.22761949004191498
bg_B,n_punct,-0.22734393886579068,0.22734393886579068
g_mean,n_punct,-0.22717340765865252,0.22717340765865252
bg_tint_RB,n_punct,0.22700758106148863,0.22700758106148863
bg_hue,upper_frac,-0.22643093593199926,0.22643093593199926
bg_tint_RB,upper_frac,0.22618708103209142,0.22618708103209142
ink_y1,n_words,-0.2255911774890734,0.2255911774890734
blockiness,upper_frac,0.22549915646014151,0.22549915646014151
bg_std,n_punct,0.22495518111500815,0.22495518111500815
tiny_cc_frac,n_chars,-0.22474409760693617,0.22474409760693617
tall,upper_frac,0.2247219640053286,0.2247219640053286
g_p25,n_punct,-0.22452041714272888,0.22452041714272888
ink_mean,n_words,0.22392898455389057,0.22392898455389057
pixels,upper_frac,0.22361700413174795,0.22361700413174795
g_mean,upper_frac,-0.22311965372625925,0.22311965372625925
bg_B,upper_frac,-0.2226695872746118,0.2226695872746118
g_p5,n_punct,-0.22247684528711664,0.22247684528711664
g_p50,upper_frac,-0.22203066774949465,0.22203066774949465
ink_G,n_words,0.221855177449095,0.221855177449095
entropy,n_punct,0.22178154646219445,0.22178154646219445
bg_mean,n_words,0.22108103404869003,0.22108103404869003
entropy,n_chars,-0.2207883913750287,0.2207883913750287
bg_G,upper_frac,-0.22060107617847943,0.22060107617847943
aspect,upper_frac,-0.21941550413288666,0.21941550413288666
bg_G,n_words,0.21835282574493253,0.21835282574493253
edge_grad_rel,n_punct,-0.21828961889076304,0.21828961889076304
ink_p10,n_punct,-0.2179281807508973,0.2179281807508973
bg_G,n_punct,-0.21688407516194294,0.21688407516194294
ink_B,n_words,0.21608642339192582,0.21608642339192582
g_p99,n_chars,0.2160252011251452,0.2160252011251452
bg_mean,upper_frac,-0.2159959515782127,0.2159959515782127
tall,n_chars,-0.21536918899775528,0.21536918899775528
g_mean,n_words,0.21514322066736724,0.21514322066736724
ink_sat,n_words,-0.21504739823595975,0.21504739823595975
ink_sat,upper_frac,0.21457383736152805,0.21457383736152805
ink_sat,n_punct,0.21412891662935543,0.21412891662935543
tall,n_colon,0.21375054425170895,0.21375054425170895
tiny_cc_frac,n_words,-0.2135926879294204,0.2135926879294204
bg_mean,n_punct,-0.2134538624580649,0.2134538624580649
g_p75,upper_frac,-0.21311331061347108,0.21311331061347108
stroke_w_rel,n_words,0.21189070484628272,0.21189070484628272
g_p50,n_punct,-0.21172849943880015,0.21172849943880015
file_bytes,n_punct,0.21065067060021964,0.21065067060021964
g_p25,n_words,0.2105579415674172,0.2105579415674172
core_h,n_punct,0.20909975096001676,0.20909975096001676
g_p1,n_punct,-0.20865166997406823,0.20865166997406823
lap_var_norm,n_punct,-0.2079091280063863,0.2079091280063863
g_p75,n_punct,-0.20745450263721757,0.20745450263721757
bg_std,upper_frac,0.20716783124591112,0.20716783124591112
bg_B,n_words,0.20473815150172325,0.20473815150172325
width,n_punct,0.20418169464507763,0.20418169464507763
ink_w,n_punct,0.20386690592369008,0.20386690592369008
ink_x1,n_punct,0.2036571077186558,0.2036571077186558
cc_touch_left,n_chars,-0.20363532751618982,0.20363532751618982
g_p95,n_punct,-0.20203394087549598,0.20203394087549598
ink_touch_left,n_chars,-0.2018375363454001,0.2018375363454001
ladder_w,n_punct,0.201529771104272,0.201529771104272
ink_frac_otsu,upper_frac,0.2011659642005787,0.2011659642005787
illum_cv,n_punct,0.20073444084396716,0.20073444084396716
bg_std,n_chars,-0.20058752691896878,0.20058752691896878
ink_G,upper_frac,-0.19938568218293612,0.19938568218293612
ink_B,upper_frac,-0.19879046506541287,0.19879046506541287
slant_shear,n_punct,0.19808966036627804,0.19808966036627804
otsu,n_words,0.19797754315718064,0.19797754315718064
g_p95,upper_frac,-0.1976182480835333,0.1976182480835333
tall,n_words,-0.19761096045966042,0.19761096045966042
bg_R,upper_frac,-0.19649295736543804,0.19649295736543804
ink_x1,upper_frac,0.19521065457718836,0.19521065457718836
bg_sat,n_words,-0.19476714033537512,0.19476714033537512
cc_touch_left,n_words,-0.1935957295413011,0.1935957295413011
cc_area_med,n_amp,0.19292075057620434,0.19292075057620434
otsu,upper_frac,-0.19280277167714155,0.19280277167714155
width,upper_frac,0.19263093257030808,0.19263093257030808
ladder_w,upper_frac,0.1924714398019984,0.1924714398019984
g_p5,n_amp,-0.19213836321520933,0.19213836321520933
ink_mean,upper_frac,-0.1915256048407184,0.1915256048407184
ink_w,upper_frac,0.19084954835758733,0.19084954835758733
entropy,n_words,-0.18974068713549644,0.18974068713549644
ink_touch_left,n_words,-0.18868766981058266,0.18868766981058266
bg_R,n_punct,-0.18835025649179762,0.18835025649179762
bg_hue,hapax_frac,-0.1883036047171714,0.1883036047171714
ink_x0,n_words,-0.1874756392091114,0.1874756392091114
edge_grad_rel,upper_frac,-0.18664122564710467,0.18664122564710467
tenengrad,upper_frac,-0.1861160593153853,0.1861160593153853
lap_var,upper_frac,-0.18605180941127414,0.18605180941127414
tall,hapax_frac,0.1854179403854844,0.1854179403854844
height,n_punct,0.18483981980682193,0.18483981980682193
blockiness,n_punct,0.18420541996308457,0.18420541996308457
core_h,n_colon,0.18393698624353474,0.18393698624353474
cc_height_med,n_amp,0.18365837524448905,0.18365837524448905
fisher_sep,n_punct,0.18362062240164856,0.18362062240164856
stroke_w,n_chars,-0.1822387339715134,0.1822387339715134
ink_p10,n_amp,-0.18213211916729746,0.18213211916729746
pixels,n_punct,0.18055757706755154,0.18055757706755154
ink_x0,n_chars,-0.18021112559734767,0.18021112559734767
ladder_h,n_punct,0.17940113315018433,0.17940113315018433
bg_tint_RB,n_words,-0.1791975389189305,0.1791975389189305
g_p99,upper_frac,-0.17893100113698496,0.17893100113698496
height,hapax_frac,0.17864887937323923,0.17864887937323923
lap_var_norm,upper_frac,-0.17847088063664568,0.17847088063664568
bg_sat,hapax_frac,0.17840171312373526,0.17840171312373526
edge_grad_rel,n_colon,-0.17789151398369324,0.17789151398369324
ink_frac_otsu,n_punct,0.17754650215840015,0.17754650215840015
ink_R,upper_frac,-0.17732649411060744,0.17732649411060744
ladder_h,hapax_frac,0.17702517135597154,0.17702517135597154
blockiness,hapax_frac,0.17698386717830872,0.17698386717830872
cc_height_med,n_words,0.17691850511055401,0.17691850511055401
cc_touch_left,upper_frac,0.17633303209135054,0.17633303209135054
ink_h,n_punct,0.17630091835577325,0.17630091835577325
ink_sat,hapax_frac,0.17624510662342002,0.17624510662342002
bg_B,hapax_frac,-0.17617561986876892,0.17617561986876892
file_bytes,hapax_frac,0.1757773264659686,0.1757773264659686
g_p99,n_punct,-0.17558603578327564,0.17558603578327564
core_h,hapax_frac,0.17473197030341617,0.17473197030341617
ink_y1,n_punct,0.17444883855233004,0.17444883855233004
ink_h,hapax_frac,0.17442021435349198,0.17442021435349198
bg_hue,n_punct,-0.17373248995135496,0.17373248995135496
cc_count,upper_frac,0.17319459010138283,0.17319459010138283
bg_tint_RB,hapax_frac,0.17283317899062617,0.17283317899062617
stroke_w_std,hapax_frac,0.17254977246756567,0.17254977246756567
aspect,n_amp,0.17251402494345214,0.17251402494345214
pixels,hapax_frac,0.17203337708002545,0.17203337708002545
bg_G,hapax_frac,-0.17199832043156343,0.17199832043156343
g_p5,n_chars,0.1718544380534098,0.1718544380534098
g_p50,hapax_frac,-0.17179514699491946,0.17179514699491946
g_p75,hapax_frac,-0.17132701357883953,0.17132701357883953
bg_mean,hapax_frac,-0.171080615510082,0.171080615510082
g_p25,hapax_frac,-0.17026056781539006,0.17026056781539006
ink_y1,hapax_frac,0.16987117108842115,0.16987117108842115
stroke_w_rel,n_colon,-0.16941308161497412,0.16941308161497412
g_p99,n_words,0.16933357976949914,0.16933357976949914
bg_std,n_words,-0.16930854949626453,0.16930854949626453
tiny_cc_frac,upper_frac,0.16913783370674595,0.16913783370674595
tenengrad,hapax_frac,-0.16892250507726078,0.16892250507726078
stroke_w_std,n_colon,0.16862067095221853,0.16862067095221853
g_p5,upper_frac,-0.16819611972434417,0.16819611972434417
ink_G,n_colon,-0.16793783908669213,0.16793783908669213
ink_x1,hapax_frac,0.16761928215418506,0.16761928215418506
ink_B,hapax_frac,-0.16751092482304492,0.16751092482304492
ink_B,n_colon,-0.167504595842181,0.167504595842181
ink_mean,n_colon,-0.16708031586015776,0.16708031586015776
ink_p10,n_colon,-0.1666713918246849,0.1666713918246849
g_p95,hapax_frac,-0.16660382920168496,0.16660382920168496
n_gaps,n_punct,-0.16648595156413157,0.16648595156413157
ink_w,hapax_frac,0.1657082428693306,0.1657082428693306
ladder_w,hapax_frac,0.1652074178379921,0.1652074178379921
width,hapax_frac,0.16492984284670598,0.16492984284670598
ink_R,n_colon,-0.1648094932981906,0.1648094932981906
ink_touch_left,upper_frac,0.16474980833672673,0.16474980833672673
g_mean,hapax_frac,-0.1647367446117119,0.1647367446117119
cc_touch_right,n_chars,-0.16440525789286456,0.16440525789286456
tenengrad,n_amp,0.16439306676633753,0.16439306676633753
bg_sat,n_colon,0.16415103492747155,0.16415103492747155
bg_R,hapax_frac,-0.16217130491194218,0.16217130491194218
edge_grad_rel,hapax_frac,-0.16193683519410132,0.16193683519410132
ink_x0,n_punct,0.16187439005355866,0.16187439005355866
lap_var,hapax_frac,-0.1617592304984103,0.1617592304984103
ink_G,hapax_frac,-0.1616439693204122,0.1616439693204122
otsu,n_colon,-0.16161928814994542,0.16161928814994542
g_mean,n_colon,-0.16155410488644117,0.16155410488644117
entropy,n_colon,0.16122104218466304,0.16122104218466304
bg_B,n_colon,-0.16120542048988099,0.16120542048988099
ladder_w,n_colon,0.16081465271757184,0.16081465271757184
ink_w,n_colon,0.16076865135252164,0.16076865135252164
ink_mean,hapax_frac,-0.16049939423582252,0.16049939423582252
stroke_w,n_punct,0.1603939677290204,0.1603939677290204
file_bytes,n_colon,0.16033581689643653,0.16033581689643653
cc_height_med,n_chars,0.1599355306441442,0.1599355306441442
g_p25,n_colon,-0.15982680235281707,0.15982680235281707
otsu,hapax_frac,-0.15977318835654086,0.15977318835654086
ink_x1,n_colon,0.15971725096524964,0.15971725096524964
gap_mean,upper_frac,-0.15964003916185482,0.15964003916185482
illum_cv,hapax_frac,0.15935985644149736,0.15935985644149736
bg_std,n_colon,0.1590988307734419,0.1590988307734419
cc_count,n_amp,-0.15902397613452407,0.15902397613452407
lap_var,n_punct,-0.15865893968967015,0.15865893968967015
width,n_colon,0.1586113635478679,0.1586113635478679
file_bytes,n_caret,0.15809980686161434,0.15809980686161434
entropy,hapax_frac,0.15795069696833833,0.15795069696833833
lap_var_norm,hapax_frac,-0.1578499213952781,0.1578499213952781
contrast,n_punct,0.157789511655462,0.157789511655462
aspect,hapax_frac,-0.15704456041682985,0.15704456041682985
bg_tint_RB,n_colon,0.15702641955743268,0.15702641955743268
margin_l,n_words,-0.15582931952945983,0.15582931952945983
n_gaps,hapax_frac,-0.1557533103082015,0.1557533103082015
ink_x0,upper_frac,0.15566109714584472,0.15566109714584472
ink_R,hapax_frac,-0.15536188362102019,0.15536188362102019
ink_sat,n_colon,0.15477349034607685,0.15477349034607685
bg_G,n_colon,-0.15440205740719848,0.15440205740719848
ink_w_xh,n_punct,-0.15428797085275883,0.15428797085275883
w_xh,n_punct,-0.1542738484808929,0.1542738484808929
ink_p10,n_chars,0.15400957509255908,0.15400957509255908
lap_var_norm,n_colon,-0.15394653134812875,0.15394653134812875
fisher_sep,upper_frac,0.1524223673450548,0.1524223673450548
bg_mean,n_colon,-0.15232322253577585,0.15232322253577585
n_gaps_wide,n_punct,-0.15114952255157008,0.15114952255157008
core_h,n_caret,0.15112061498399057,0.15112061498399057
cc_height_med,upper_frac,-0.15109263731157327,0.15109263731157327
g_p50,n_colon,-0.1510539636432784,0.1510539636432784
w_xh,n_colon,-0.15056063933591488,0.15056063933591488
edge_grad_rel,template_cov,0.1505568883494647,0.1505568883494647
tiny_cc_frac,n_colon,0.1499506261059714,0.1499506261059714
ink_w_xh,n_colon,-0.14986343255843249,0.14986343255843249
height,n_colon,0.14957979659154003,0.14957979659154003
illum_cv,n_colon,0.14945660972373903,0.14945660972373903
height,n_caret,0.14937050204977245,0.14937050204977245
bg_std,hapax_frac,0.14931280416522819,0.14931280416522819
ladder_h,n_colon,0.14922629844370294,0.14922629844370294
ink_R,template_cov,0.14919920192583422,0.14919920192583422
g_p1,n_colon,-0.14885759474553883,0.14885759474553883
midtone_frac,n_punct,0.14871716927783282,0.14871716927783282
slant_shear,upper_frac,0.14844672228941247,0.14844672228941247
ink_h,n_colon,0.14838562702868527,0.14838562702868527
margin_l,n_chars,-0.1479947094447353,0.1479947094447353
g_p95,n_colon,-0.14790355737736696,0.14790355737736696
g_p75,n_colon,-0.14730080384397098,0.14730080384397098
pixels,n_caret,0.14723050952879538,0.14723050952879538
ink_y1,n_colon,0.14662149476178954,0.14662149476178954
stroke_w_rel,n_amp,0.14609545044388014,0.14609545044388014
lap_var_norm,template_cov,0.1457955851737567,0.1457955851737567
ladder_h,n_caret,0.14570810076429727,0.14570810076429727
tall,template_cov,-0.1451933644283818,0.1451933644283818
illum_cv,template_cov,-0.14495451318644823,0.14495451318644823
ink_frac_otsu,n_chars,-0.14454406713088858,0.14454406713088858
pixels,n_colon,0.14427109601105303,0.14427109601105303
fisher_sep,template_cov,-0.14419853314363607,0.14419853314363607
cc_count,hapax_frac,0.14400523879749438,0.14400523879749438
ink_mean,template_cov,0.14386861631083211,0.14386861631083211
ink_h,n_caret,0.14386012490995975,0.14386012490995975
bg_hue,n_colon,-0.14245072527024513,0.14245072527024513
cc_count,n_colon,0.14241889429556082,0.14241889429556082
ladder_h,n_amp,-0.14241115219441564,0.14241115219441564
ink_y1,n_caret,0.14236264066339688,0.14236264066339688
cc_area_p90,n_chars,-0.14208888887896376,0.14208888887896376
fisher_sep,n_colon,0.1420801942332083,0.1420801942332083
blockiness,template_cov,-0.14191130563780466,0.14191130563780466
g_p5,n_colon,-0.14141879390728138,0.14141879390728138
ink_frac_otsu,n_colon,0.14110786716158252,0.14110786716158252
stroke_w,n_words,-0.1409897636285162,0.1409897636285162
bg_R,n_colon,-0.14096423372796868,0.14096423372796868
ink_h,n_amp,-0.1409255396374001,0.1409255396374001
stroke_w_std,template_cov,-0.1405397571911206,0.1405397571911206
n_gaps_wide,n_words,0.14032710032769133,0.14032710032769133
ink_G,template_cov,0.14017028819132502,0.14017028819132502
bg_std,template_cov,-0.14001540733749246,0.14001540733749246
stroke_w_rel,hapax_frac,-0.13987982191688278,0.13987982191688278
w_xh,hapax_frac,-0.13966423930714048,0.13966423930714048
ink_w_frac,n_words,0.13937906230262376,0.13937906230262376
ink_w_xh,hapax_frac,-0.13936053194710088,0.13936053194710088
ink_B,template_cov,0.13917284466159702,0.13917284466159702
ink_frac,n_amp,0.13879979216162228,0.13879979216162228
ink_touch_top,n_words,-0.13815383206547166,0.13815383206547166
n_row_peaks,upper_frac,0.13813224656546322,0.13813224656546322
height,n_amp,-0.13809192582303273,0.13809192582303273
ink_y1,n_amp,-0.13806762480076806,0.13806762480076806
fisher_sep,hapax_frac,0.1376341607181008,0.1376341607181008
entropy,template_cov,-0.13762206094083795,0.13762206094083795
cc_area_med,n_colon,-0.1374030302850232,0.1374030302850232
tall,n_caret,0.13704575982148187,0.13704575982148187
stroke_w_std,n_caret,0.13595936901648525,0.13595936901648525
n_gaps,n_caret,-0.13554957719229943,0.13554957719229943
stroke_w,n_amp,0.13514639957363567,0.13514639957363567
n_gaps_wide,n_chars,0.13456818354612665,0.13456818354612665
g_p99,hapax_frac,-0.13395190690950864,0.13395190690950864
aspect,n_punct,-0.13367236344886196,0.13367236344886196
midtone_frac,upper_frac,0.13353860415877034,0.13353860415877034
contrast,n_amp,0.13271860203002808,0.13271860203002808
otsu,template_cov,0.1325593743549217,0.1325593743549217
lap_var,n_colon,-0.13209656164149686,0.13209656164149686
ink_x0,hapax_frac,0.13160150160841558,0.13160150160841558
ink_p10,upper_frac,-0.1313145734985616,0.1313145734985616
n_gaps,n_colon,-0.13030742360286435,0.13030742360286435
core_h,template_cov,-0.1302804269585249,0.1302804269585249
blockiness,n_colon,0.12964986400247264,0.12964986400247264
stroke_w_rel,n_punct,-0.12947647153305478,0.12947647153305478
n_row_peaks,n_amp,-0.12942263597197226,0.12942263597197226
g_p25,template_cov,0.12889081873773983,0.12889081873773983
ink_frac_otsu,n_words,-0.12850974798495088,0.12850974798495088
g_mean,template_cov,0.12827144894274353,0.12827144894274353
cc_touch_right,upper_frac,0.1281676618128468,0.1281676618128468
ink_w_xh,n_caret,-0.12805402601725802,0.12805402601725802
bg_hue,template_cov,0.12798787095494593,0.12798787095494593
w_xh,n_caret,-0.12781144993517707,0.12781144993517707
bg_sat,template_cov,-0.1274812747118798,0.1274812747118798
pixels,n_words,-0.12740038704578702,0.12740038704578702
bg_B,template_cov,0.12693021663395426,0.12693021663395426
lap_var,template_cov,0.12681172971758306,0.12681172971758306
cc_count,n_caret,0.12678194829893769,0.12678194829893769
cc_height_med,n_colon,-0.1265379878505678,0.1265379878505678
slant_shear,n_colon,0.1260322876935282,0.1260322876935282
width,n_caret,0.12598464974557053,0.12598464974557053
ink_w_frac,n_amp,0.12556564181929264,0.12556564181929264
cc_touch_right,n_words,-0.12528712976806702,0.12528712976806702
noise_sigma,upper_frac,0.12507208859072402,0.12507208859072402
ink_x1,n_caret,0.12503966573916667,0.12503966573916667
cc_touch_top,n_punct,0.12435247879764111,0.12435247879764111
n_gaps_wide,n_caret,-0.12409599212903917,0.12409599212903917
bg_tint_RB,template_cov,-0.1239016183890793,0.1239016183890793
cc_touch_top,n_words,-0.12385316148480251,0.12385316148480251
g_p5,n_words,0.12377459545972372,0.12377459545972372
cc_count,n_punct,0.1237646481870392,0.1237646481870392
tenengrad,template_cov,0.12365973886477376,0.12365973886477376
ink_w_frac,n_chars,0.12363138449242607,0.12363138449242607
ladder_w,n_caret,0.12360279487278368,0.12360279487278368
g_p50,template_cov,0.12329340259358408,0.12329340259358408
pixels,n_chars,-0.1225266871324792,0.1225266871324792
ink_h_frac,n_amp,-0.122154263654539,0.122154263654539
g_p75,template_cov,0.12192571895838145,0.12192571895838145
ink_w,n_caret,0.12148748350885734,0.12148748350885734
cc_height_med,hapax_frac,-0.12145120886274006,0.12145120886274006
bg_mean,template_cov,0.12129234684392239,0.12129234684392239
g_p5,template_cov,0.12127797292779226,0.12127797292779226
otsu,n_amp,-0.12115733804491137,0.12115733804491137
midtone_frac,n_colon,0.12107493738877725,0.12107493738877725
bg_G,template_cov,0.12077543675833621,0.12077543675833621
g_p1,upper_frac,-0.12072662379671843,0.12072662379671843
stroke_w_rel,n_caret,-0.12032687096575696,0.12032687096575696
bg_R,template_cov,0.12020010701058849,0.12020010701058849
tenengrad,n_punct,-0.1195384009792711,0.1195384009792711
margin_b,n_amp,0.1194568269186101,0.1194568269186101
tenengrad,n_colon,-0.11945377647517959,0.11945377647517959
n_gaps_wide,hapax_frac,-0.11880660321422788,0.11880660321422788
cc_touch_right,hapax_frac,0.11810816323053992,0.11810816323053992
tiny_cc_frac,n_amp,-0.11768262636099892,0.11768262636099892
stroke_w,upper_frac,0.11760739219244243,0.11760739219244243
gap_mean,n_punct,-0.11756346138096531,0.11756346138096531
ink_y0,n_punct,0.11755085850845956,0.11755085850845956
margin_t,n_amp,0.11700497079438432,0.11700497079438432
illum_lr_diff,n_punct,-0.1168973492752014,0.1168973492752014
entropy,n_caret,0.11659074196152437,0.11659074196152437
edge_density,hapax_frac,-0.11586162381343244,0.11586162381343244
aspect,n_caret,-0.11578044972180598,0.11578044972180598
illum_lr_diff,upper_frac,-0.11561094169683744,0.11561094169683744
midtone_frac,hapax_frac,0.11543483027761782,0.11543483027761782
tiny_cc_frac,hapax_frac,0.11536434323251353,0.11536434323251353
cc_touch_left,n_colon,0.11530141395881623,0.11530141395881623
ink_sat,template_cov,-0.11527831488736892,0.11527831488736892
ink_B,n_caret,-0.11492730703750381,0.11492730703750381
g_p5,hapax_frac,-0.11454639689682383,0.11454639689682383
g_p99,n_colon,-0.11414487390056001,0.11414487390056001
ink_x0,n_caret,0.11342641249869843,0.11342641249869843
ink_G,n_caret,-0.11328292120911898,0.11328292120911898
edge_density,n_punct,-0.11312695780096804,0.11312695780096804
ink_touch_top,n_chars,-0.11271962755757159,0.11271962755757159
ink_mean,n_caret,-0.11260063008695437,0.11260063008695437
slant_shear,mean_wlen,-0.11254481752922216,0.11254481752922216
bg_tint_RB,n_caret,0.11219486468038103,0.11219486468038103
edge_density,n_amp,0.11133082069611504,0.11133082069611504
bg_sat,n_caret,0.11130131243753438,0.11130131243753438
cc_touch_top,upper_frac,0.1112295949149142,0.1112295949149142
ink_x0,n_colon,0.11121493925667873,0.11121493925667873
cc_touch_right,n_colon,0.11099783306388877,0.11099783306388877
cc_touch_top,template_cov,-0.1108070209116571,0.1108070209116571
ink_x0,template_cov,-0.11054614473298847,0.11054614473298847
ink_sat,n_caret,0.11051204807817672,0.11051204807817672
cc_touch_bottom,n_amp,-0.11049018788549553,0.11049018788549553
aspect,n_colon,-0.11032370416996523,0.11032370416996523
ink_p10,hapax_frac,-0.11016197557805903,0.11016197557805903
slant_shear,n_chars,-0.10937457492482985,0.10937457492482985
pixels,n_amp,-0.10927198898855905,0.10927198898855905
ladder_w,template_cov,-0.10902117127723296,0.10902117127723296
cc_touch_top,n_caret,0.10885191798770791,0.10885191798770791
bg_B,n_caret,-0.10834502885820982,0.10834502885820982
cc_touch_top,hapax_frac,0.1083349245037452,0.1083349245037452
g_p25,n_caret,-0.10825071531324283,0.10825071531324283
width,template_cov,-0.10822014809717675,0.10822014809717675
edge_density,n_colon,-0.10814963942636154,0.10814963942636154
cc_touch_right,n_punct,0.10811094327089098,0.10811094327089098
ink_w,template_cov,-0.10802925726848966,0.10802925726848966
ink_p10,template_cov,0.10798954375785957,0.10798954375785957
ink_R,n_caret,-0.10791573777713599,0.10791573777713599
ink_frac_otsu,hapax_frac,0.10775390045777662,0.10775390045777662
ink_x1,template_cov,-0.10771719552965026,0.10771719552965026
g_p95,template_cov,0.10755528073909125,0.10755528073909125
midtone_frac,template_cov,-0.10710878926944487,0.10710878926944487
ink_touch_top,upper_frac,0.10701933007106307,0.10701933007106307
n_row_peaks,hapax_frac,0.10685369137849175,0.10685369137849175
cc_area_p90,n_words,-0.10676972749760034,0.10676972749760034
cc_touch_top,n_colon,0.10669503388710327,0.10669503388710327
cc_touch_left,hapax_frac,0.1066288250268925,0.1066288250268925
gap_mean,n_colon,-0.10626678250235688,0.10626678250235688
g_mean,n_caret,-0.10622466400216972,0.10622466400216972
file_bytes,template_cov,-0.10621637799059436,0.10621637799059436
edge_grad_rel,n_caret,-0.10589950470829936,0.10589950470829936
otsu,n_caret,-0.10577028724114304,0.10577028724114304
baseline_slope_deg,n_chars,0.10561642039990128,0.10561642039990128
cc_area_med,n_words,0.10548214793499218,0.10548214793499218
illum_lr_diff,n_colon,-0.10529685657920249,0.10529685657920249
cc_area_med,upper_frac,-0.10511100343038385,0.10511100343038385
bg_G,n_caret,-0.10473925796168121,0.10473925796168121
bg_mean,n_caret,-0.10467272544736886,0.10467272544736886
g_p50,n_caret,-0.10449219085855563,0.10449219085855563
bg_std,n_caret,0.10431401091502622,0.10431401091502622
ink_touch_bottom,n_amp,-0.10412139028510842,0.10412139028510842
ink_y0,n_colon,0.10401567944399101,0.10401567944399101
bg_hue,n_caret,-0.10362188316416594,0.10362188316416594
edge_density,template_cov,0.10351350216780425,0.10351350216780425
fisher_sep,n_caret,0.10346946000709453,0.10346946000709453
g_p95,n_caret,-0.10295015956319005,0.10295015956319005
ink_touch_top,n_amp,-0.1028254531241602,0.1028254531241602
lap_var_norm,n_caret,-0.10269756994168755,0.10269756994168755
g_p75,n_caret,-0.1022078147729278,0.1022078147729278
bg_R,n_caret,-0.10182284113043788,0.10182284113043788
tiny_cc_frac,n_punct,0.10120785031989685,0.10120785031989685
ink_touch_left,hapax_frac,0.10116787053095792,0.10116787053095792
n_gaps_wide,n_colon,-0.1010695641301827,0.1010695641301827
n_row_peaks,n_words,-0.10096077844491382,0.10096077844491382
baseline_slope_deg,n_words,0.09987867448405287,0.09987867448405287
pixels,template_cov,-0.09961556109801205,0.09961556109801205
ink_frac_otsu,template_cov,-0.0994167455361388,0.0994167455361388
n_row_peaks,n_chars,-0.0993856756353481,0.0993856756353481
ink_p10,n_words,0.09822025064684116,0.09822025064684116
n_gaps,mean_wlen,-0.0966670189605052,0.0966670189605052
w_xh,template_cov,0.09654996232850675,0.09654996232850675
ink_w_xh,template_cov,0.0963546048997519,0.0963546048997519
margin_b,n_chars,-0.09583998659189558,0.09583998659189558
margin_l,n_amp,-0.09568445124663615,0.09568445124663615
ink_frac_otsu,n_caret,0.09561680429655098,0.09561680429655098
tiny_cc_frac,template_cov,-0.09539672222090582,0.09539672222090582
ink_touch_right,n_amp,0.09536703845068567,0.09536703845068567
bg_std,n_amp,0.09535431460941289,0.09535431460941289
g_p5,n_caret,-0.095309627569363,0.095309627569363
ink_h,template_cov,-0.09523698089611314,0.09523698089611314
g_p99,template_cov,0.09491511247357971,0.09491511247357971
cc_touch_left,n_punct,0.09451161690591665,0.09451161690591665
stroke_w,template_cov,-0.09428934017511713,0.09428934017511713
g_p1,template_cov,0.09378109761858106,0.09378109761858106
illum_lr_diff,template_cov,0.0936592302980096,0.0936592302980096
height,template_cov,-0.09292847666157758,0.09292847666157758
ladder_h,template_cov,-0.09241279456256464,0.09241279456256464
n_gaps,n_amp,0.0922466215877363,0.0922466215877363
ink_touch_top,mean_wlen,0.09218898585352509,0.09218898585352509
stroke_w,n_caret,0.09210674790840788,0.09210674790840788
cc_touch_top,mean_wlen,0.0917624447061899,0.0917624447061899
g_p99,n_caret,-0.09150344407019362,0.09150344407019362
n_row_peaks,n_caret,0.0915021187339617,0.0915021187339617
ink_touch_left,n_colon,0.09111759341688294,0.09111759341688294
cc_area_med,hapax_frac,-0.09098601296932701,0.09098601296932701
stroke_w_rel,template_cov,0.09072747593732777,0.09072747593732777
g_p1,hapax_frac,-0.09039336383629239,0.09039336383629239
cc_touch_top,n_chars,-0.09037183586893204,0.09037183586893204
ink_frac_otsu,n_amp,0.09016342478710286,0.09016342478710286
overexp_frac,n_words,-0.09004693908563888,0.09004693908563888
margin_b,n_punct,0.08935536290092103,0.08935536290092103
cc_area_p90,n_amp,0.08887433993530519,0.08887433993530519
ink_y1,template_cov,-0.08841127753781323,0.08841127753781323
n_row_peaks,n_colon,0.08836757886808078,0.08836757886808078
illum_cv,n_caret,0.08833934119347284,0.08833934119347284
noise_sigma,n_punct,0.08799393393074358,0.08799393393074358
g_p1,n_chars,0.08798141936054465,0.08798141936054465
slant_shear,hapax_frac,0.08783935740935751,0.08783935740935751
edge_density,upper_frac,-0.08773951434480995,0.08773951434480995
ink_touch_top,n_caret,0.08765585126651323,0.08765585126651323
margin_t,mean_wlen,-0.08757203012373786,0.08757203012373786
overexp_frac,n_chars,-0.08755158015992458,0.08755158015992458
n_gaps,template_cov,0.08753818526197471,0.08753818526197471
midtone_frac,n_caret,0.08744832927524977,0.08744832927524977
gap_mean,n_caret,-0.08728275487089043,0.08728275487089043
gap_mean,hapax_frac,-0.08678523554331696,0.08678523554331696
contrast,n_colon,0.086622316183591,0.086622316183591
stroke_w_std,n_amp,0.0862069791616018,0.0862069791616018
cc_count,template_cov,-0.08585460685179956,0.08585460685179956
margin_t,n_words,0.08579190645058672,0.08579190645058672
cc_touch_top,n_amp,-0.08510198744172473,0.08510198744172473
lap_var,n_caret,-0.08500802278212792,0.08500802278212792
contrast,template_cov,-0.08480592131542443,0.08480592131542443
ink_x0,n_amp,-0.08413849386966221,0.08413849386966221
ink_x0,n_digit,-0.08413641060231294,0.08413641060231294
ink_frac,upper_frac,0.08401702359694024,0.08401702359694024
lap_var,n_amp,0.08397117369077714,0.08397117369077714
ink_G,n_amp,-0.08379929877220992,0.08379929877220992
n_row_peaks,n_punct,0.08335397387491669,0.08335397387491669
cc_count,mean_wlen,0.08326772238662675,0.08326772238662675
cc_touch_bottom,n_colon,0.08286716628844717,0.08286716628844717
ink_mean,n_amp,-0.08280667414428054,0.08280667414428054
ink_p10,n_caret,-0.08250902675919408,0.08250902675919408
stroke_w,hapax_frac,0.08240906656633214,0.08240906656633214
ink_w_xh,n_amp,0.0820272284223317,0.0820272284223317
ink_R,n_amp,-0.08045945571703299,0.08045945571703299
margin_r,n_amp,-0.08007174912399175,0.08007174912399175
gap_mean,n_digit,0.07919379580645579,0.07919379580645579
noise_sigma,hapax_frac,0.07902287080177646,0.07902287080177646
skew_deg,n_words,0.0788712295741661,0.0788712295741661
cc_height_med,template_cov,0.07878304784318584,0.07878304784318584
noise_sigma,n_caret,0.07864056550899835,0.07864056550899835
w_xh,n_amp,0.07825961673824368,0.07825961673824368
g_mean,n_amp,-0.0782232667170788,0.0782232667170788
file_bytes,n_words,-0.07803528938109663,0.07803528938109663
cc_area_med,n_chars,0.0769063183438365,0.0769063183438365
noise_sigma,n_digit,-0.07679806034570556,0.07679806034570556
midtone_frac,n_words,-0.07679420197425058,0.07679420197425058
cc_area_p90,n_colon,-0.07649728734784762,0.07649728734784762
cc_touch_bottom,upper_frac,0.07619313225838237,0.07619313225838237
blockiness,n_caret,0.07588771036001987,0.07588771036001987
ink_B,n_amp,-0.07583837747982028,0.07583837747982028
tenengrad,n_caret,-0.07554794980683448,0.07554794980683448
noise_sigma,n_colon,0.07492780783232451,0.07492780783232451
skew_deg,n_chars,0.07490000052451593,0.07490000052451593
ink_y0,upper_frac,0.07379906125627875,0.07379906125627875
cc_touch_bottom,n_caret,0.07358391339744738,0.07358391339744738
margin_b,n_words,-0.07319362468853714,0.07319362468853714
cc_height_med,mean_wlen,-0.0730726313256721,0.0730726313256721
ink_touch_left,n_amp,-0.07237711409799978,0.07237711409799978
ink_frac_otsu,n_digit,-0.0713382045860725,0.0713382045860725
cc_height_med,n_punct,-0.07087243396956364,0.07087243396956364
cc_touch_left,n_amp,-0.07076974229543324,0.07076974229543324
ink_touch_top,hapax_frac,0.07064527640910191,0.07064527640910191
g_std,n_punct,0.07048678545106767,0.07048678545106767
ink_y0,n_amp,0.07042856564507786,0.07042856564507786
cc_touch_top,n_digit,-0.06986642590515967,0.06986642590515967
ink_touch_left,n_punct,0.06974801772477858,0.06974801772477858
g_p1,n_caret,-0.06967712919474643,0.06967712919474643
slant_shear,template_cov,-0.06943132839095738,0.06943132839095738
cc_area_med,mean_wlen,-0.06909512038047913,0.06909512038047913
margin_l,n_digit,-0.06907409033585986,0.06907409033585986
bg_hue,n_digit,0.06836804509253785,0.06836804509253785
ink_y0,hapax_frac,0.06820608440622207,0.06820608440622207
entropy,n_digit,-0.0681717547100445,0.0681717547100445
ink_y0,mean_wlen,-0.06812891806828224,0.06812891806828224
g_std,hapax_frac,-0.06767604011197616,0.06767604011197616
ink_h_frac,mean_wlen,0.06759088390780107,0.06759088390780107
contrast,n_caret,0.06751535515252899,0.06751535515252899
cc_area_med,template_cov,0.06725991895947742,0.06725991895947742
bg_sat,n_amp,0.06710457315227374,0.06710457315227374
g_p25,n_amp,-0.06681361146921695,0.06681361146921695
cc_height_med,n_digit,0.06656514556181332,0.06656514556181332
midtone_frac,n_chars,-0.06644480077674651,0.06644480077674651
cc_touch_bottom,n_digit,-0.06576009348446468,0.06576009348446468
ink_touch_bottom,n_digit,-0.06570841441225114,0.06570841441225114
entropy,n_amp,0.0653205452866931,0.0653205452866931
edge_density,n_caret,-0.06526085585580454,0.06526085585580454
file_bytes,n_chars,-0.0647962082849482,0.0647962082849482
tiny_cc_frac,n_digit,-0.06446682709436986,0.06446682709436986
bg_B,n_amp,-0.06444215715526652,0.06444215715526652
bg_std,n_digit,-0.0644305981885952,0.0644305981885952
bg_hue,n_amp,0.06344448776418073,0.06344448776418073
ink_touch_right,n_chars,-0.0634441832162624,0.0634441832162624
n_gaps_wide,template_cov,0.06294555554326954,0.06294555554326954
n_gaps_wide,mean_wlen,-0.06291308771492113,0.06291308771492113
aspect,template_cov,0.06243254496127948,0.06243254496127948
gap_mean,n_chars,0.06230553975261875,0.06230553975261875
g_mean,n_digit,0.06220268095555738,0.06220268095555738
ink_w_frac,mean_wlen,-0.06182200389652331,0.06182200389652331
cc_touch_left,template_cov,-0.06182040296207863,0.06182040296207863
cc_touch_left,n_caret,0.06116963524648996,0.06116963524648996
tiny_cc_frac,n_caret,0.06113872543365042,0.06113872543365042
cc_area_med,n_caret,-0.060998532334702704,0.060998532334702704
g_p1,mean_wlen,0.06087296769690305,0.06087296769690305
ink_touch_right,hapax_frac,0.060704208682972965,0.060704208682972965
illum_cv,n_digit,-0.06061682950879314,0.06061682950879314
cc_height_med,n_caret,-0.06045074865958074,0.06045074865958074
bg_tint_RB,n_amp,0.06033163634168397,0.06033163634168397
g_p25,n_digit,0.06020827148030311,0.06020827148030311
aspect,mean_wlen,-0.05908541618533125,0.05908541618533125
skew_deg,n_punct,0.05828780949447089,0.05828780949447089
ink_h,mean_wlen,0.05764958265671182,0.05764958265671182
cc_count,n_digit,-0.056984069821308825,0.056984069821308825
ink_x0,mean_wlen,0.056858790002331246,0.056858790002331246
file_bytes,n_amp,-0.056653020646422074,0.056653020646422074
cc_touch_bottom,n_chars,0.05663484712222149,0.05663484712222149
n_gaps,n_digit,0.056283670486958357,0.056283670486958357
ink_touch_bottom,upper_frac,0.056171202611450186,0.056171202611450186
ladder_h,mean_wlen,0.05607941164324188,0.05607941164324188
noise_sigma,mean_wlen,0.055873013619030604,0.055873013619030604
core_center,n_digit,-0.05567111071657998,0.05567111071657998
ink_touch_left,template_cov,-0.05552751551633661,0.05552751551633661
bg_R,n_digit,0.05541408409423638,0.05541408409423638
ink_touch_top,n_punct,0.055377993148563766,0.055377993148563766
height,mean_wlen,0.05529825562208309,0.05529825562208309
margin_l,n_caret,0.055236391190441894,0.055236391190441894
g_p99,n_amp,-0.055163314268679105,0.055163314268679105
ink_touch_right,upper_frac,0.055046771578747856,0.055046771578747856
gap_mean,n_words,0.05493997675792067,0.05493997675792067
blockiness,n_digit,-0.05481814540558332,0.05481814540558332
illum_lr_diff,hapax_frac,-0.0547929187839274,0.0547929187839274
ink_touch_bottom,mean_wlen,0.054508969404076214,0.054508969404076214
margin_t,n_chars,0.05439633837849811,0.05439633837849811
cc_touch_right,n_caret,0.05413916410590619,0.05413916410590619
margin_l,mean_wlen,0.05407575184265487,0.05407575184265487
ink_h_frac,n_digit,-0.054036941043401794,0.054036941043401794
cc_area_med,n_punct,-0.053778130608345374,0.053778130608345374
cc_area_med,n_digit,0.05374097732394682,0.05374097732394682
g_p50,n_digit,0.053507462315956426,0.053507462315956426
file_bytes,mean_wlen,0.053470191364557496,0.053470191364557496
ink_y0,n_chars,-0.05330769903529176,0.05330769903529176
n_gaps_wide,n_amp,0.05299255403671706,0.05299255403671706
core_h,n_amp,-0.052983131951110075,0.052983131951110075
pixels,mean_wlen,0.05283862940896033,0.05283862940896033
g_p75,n_digit,0.052609578088742275,0.052609578088742275
ink_touch_top,template_cov,-0.05248217397084816,0.05248217397084816
cc_touch_bottom,mean_wlen,0.05200485982028937,0.05200485982028937
margin_l,upper_frac,0.051749907886329445,0.051749907886329445
ink_frac,n_chars,0.05155596573333204,0.05155596573333204
ink_y1,mean_wlen,0.05121318378345522,0.05121318378345522
bg_mean,n_digit,0.051143132323365204,0.051143132323365204
n_row_peaks,mean_wlen,0.05107163327684607,0.05107163327684607
ink_touch_left,n_caret,0.05100656626054448,0.05100656626054448
ink_p10,mean_wlen,0.0507114726014162,0.0507114726014162
bg_G,n_digit,0.05068243875586666,0.05068243875586666
noise_sigma,template_cov,-0.05000899326905007,0.05000899326905007
n_row_peaks,template_cov,-0.04995604762299411,0.04995604762299411
cc_touch_bottom,hapax_frac,0.04977301602091236,0.04977301602091236
g_std,mean_wlen,-0.04961537450407751,0.04961537450407751
n_gaps_wide,n_digit,0.049239633454913175,0.049239633454913175
bg_G,n_amp,-0.04899215963731367,0.04899215963731367
cc_touch_bottom,n_punct,0.048847779315664426,0.048847779315664426
margin_r,hapax_frac,-0.04849773773788215,0.04849773773788215
margin_t,upper_frac,-0.0483447381581168,0.0483447381581168
margin_b,upper_frac,0.04806064633275582,0.04806064633275582
margin_b,hapax_frac,0.048034943241115714,0.048034943241115714
cc_touch_right,template_cov,-0.04797014678498035,0.04797014678498035
baseline_slope_deg,n_amp,0.04782253447905982,0.04782253447905982
margin_b,template_cov,-0.04755793598221997,0.04755793598221997
gap_mean,template_cov,0.04743665620987704,0.04743665620987704
overexp_frac,n_punct,0.047339154116676975,0.047339154116676975
ink_frac,n_words,0.0471942104726965,0.0471942104726965
bg_B,n_digit,0.0470789288462281,0.0470789288462281
skew_deg,n_amp,0.04683769242963281,0.04683769242963281
g_p5,n_digit,0.04640937904792851,0.04640937904792851
ink_touch_right,n_punct,0.046254735258589044,0.046254735258589044
g_p95,n_digit,0.04564681891695844,0.04564681891695844
margin_t,n_caret,-0.04552084043607146,0.04552084043607146
otsu,n_digit,0.045128790433890044,0.045128790433890044
ink_touch_right,mean_wlen,-0.04471590801322024,0.04471590801322024
ink_R,n_digit,0.04461803887844168,0.04461803887844168
baseline_slope_deg,n_punct,0.04436240599920941,0.04436240599920941
core_center,n_caret,-0.04435964937640398,0.04435964937640398
illum_cv,n_amp,0.044018448614599366,0.044018448614599366
margin_l,template_cov,-0.04401810009030403,0.04401810009030403
illum_lr_diff,n_caret,-0.043757247269011645,0.043757247269011645
ink_h_frac,n_words,-0.043713615750159265,0.043713615750159265
midtone_frac,mean_wlen,0.04310979972322823,0.04310979972322823
ink_w,n_chars,0.04301903629338674,0.04301903629338674
ink_frac,n_digit,-0.04270051066338191,0.04270051066338191
bg_mean,n_amp,-0.042698961981525015,0.042698961981525015
margin_l,n_punct,0.04252550405805179,0.04252550405805179
ink_frac,n_caret,0.041995372433372216,0.041995372433372216
ink_mean,n_digit,0.0416845034406195,0.0416845034406195
bg_sat,n_digit,-0.04162730873460808,0.04162730873460808
edge_grad_rel,n_digit,0.04115051146398714,0.04115051146398714
ink_x1,n_digit,-0.04107403627633987,0.04107403627633987
core_center,upper_frac,-0.040950278473212504,0.040950278473212504
ink_sat,n_amp,0.040808145847961635,0.040808145847961635
ink_G,n_digit,0.04078631723410924,0.04078631723410924
stroke_w_std,n_digit,-0.04069548452793118,0.04069548452793118
core_center,n_words,-0.040454280817496635,0.040454280817496635
margin_l,hapax_frac,0.04029072126622372,0.04029072126622372
overexp_frac,n_digit,-0.039954881840460026,0.039954881840460026
margin_b,n_digit,0.0399417346391073,0.0399417346391073
tenengrad,n_digit,0.03991604060634364,0.03991604060634364
ladder_w,n_digit,-0.03944098273430352,0.03944098273430352
ink_w,n_digit,-0.03890619114101218,0.03890619114101218
width,n_digit,-0.03848959990393033,0.03848959990393033
ink_touch_bottom,n_words,-0.03835129656936903,0.03835129656936903
core_center,n_punct,-0.038231647012200304,0.038231647012200304
margin_r,mean_wlen,0.03818012922708566,0.03818012922708566
ink_touch_bottom,n_caret,0.03817603072918891,0.03817603072918891
slant_shear,n_words,-0.0378270287512451,0.0378270287512451
ink_B,n_digit,0.03775891457786084,0.03775891457786084
ink_y0,template_cov,-0.03770855691535032,0.03770855691535032
tenengrad,mean_wlen,-0.037593476995862705,0.037593476995862705
overexp_frac,template_cov,-0.03743150327612117,0.03743150327612117
g_std,upper_frac,-0.037299237193350446,0.037299237193350446
tall,n_digit,-0.037288157468905694,0.037288157468905694
cc_touch_left,mean_wlen,0.03676070460610656,0.03676070460610656
file_bytes,n_digit,-0.036504151341577244,0.036504151341577244
ink_touch_right,n_colon,0.03633151751681822,0.03633151751681822
g_p1,n_words,0.03616407917172362,0.03616407917172362
g_p99,n_digit,0.03599632802532674,0.03599632802532674
ink_w_frac,n_caret,-0.03584077785103908,0.03584077785103908
overexp_frac,hapax_frac,0.035771003452634356,0.035771003452634356
ink_touch_top,n_digit,-0.035718998033430094,0.035718998033430094
contrast,hapax_frac,0.03565263430872873,0.03565263430872873
midtone_frac,n_digit,-0.035617474142034145,0.035617474142034145
skew_deg,n_colon,0.03524979469780884,0.03524979469780884
bg_tint_RB,n_digit,-0.034982783844218386,0.034982783844218386
ink_frac,n_punct,0.034753857041433196,0.034753857041433196
margin_b,mean_wlen,-0.03457551717326587,0.03457551717326587
g_p50,n_amp,-0.03350210884931452,0.03350210884931452
slant_shear,n_digit,-0.03346690808818131,0.03346690808818131
tiny_cc_frac,mean_wlen,0.033408617535991725,0.033408617535991725
g_p5,mean_wlen,0.03322278724011795,0.03322278724011795
underexp_frac,n_caret,0.03312336356869291,0.03312336356869291
ink_touch_top,n_colon,0.033059649984687585,0.033059649984687585
ink_sat,n_digit,-0.032789917898073305,0.032789917898073305
ink_h_frac,upper_frac,0.03264222385271062,0.03264222385271062
jpeg_q0_dc,n_caret,0.03201780654320991,0.03201780654320991
jpeg_q0_mean,n_caret,0.03201780654320991,0.03201780654320991
jpeg_quality_est,n_caret,-0.03201780654320991,0.03201780654320991
stroke_w,mean_wlen,-0.0319285992279173,0.0319285992279173
ink_touch_left,mean_wlen,0.031760279101116874,0.031760279101116874
width,n_chars,0.031682509910617496,0.031682509910617496
otsu,mean_wlen,0.03163636995045463,0.03163636995045463
ink_w_frac,template_cov,0.03151338742896814,0.03151338742896814
ink_x1,n_chars,0.03135558656544027,0.03135558656544027
stroke_w_rel,n_digit,0.03118532957194968,0.03118532957194968
slant_shear,n_caret,0.031082535486176732,0.031082535486176732
ink_touch_left,n_digit,0.03101222168754486,0.03101222168754486
ink_touch_right,n_words,-0.030866350922806502,0.030866350922806502
skew_deg,hapax_frac,0.030802738675490385,0.030802738675490385
core_h,n_digit,-0.03047451455440505,0.03047451455440505
ink_h_frac,n_punct,-0.030000000966017435,0.030000000966017435
margin_r,upper_frac,-0.029852405571018786,0.029852405571018786
cc_touch_right,n_digit,-0.02980536453334633,0.02980536453334633
cc_area_p90,upper_frac,0.029719056866353406,0.029719056866353406
fisher_sep,n_digit,-0.02945498695442724,0.02945498695442724
core_center,n_chars,-0.02921672879993557,0.02921672879993557
tall,n_amp,-0.029163804857857446,0.029163804857857446
margin_r,n_words,-0.029145906853386475,0.029145906853386475
skew_deg,mean_wlen,-0.029108809401722793,0.029108809401722793
cc_touch_bottom,n_words,0.029029349606141258,0.029029349606141258
contrast,upper_frac,0.02879899183250205,0.02879899183250205
stroke_w_rel,mean_wlen,-0.028634826916257572,0.028634826916257572
ink_w_frac,n_digit,0.02861938906729181,0.02861938906729181
ink_w,n_words,0.028419688187331992,0.028419688187331992
margin_t,n_digit,0.028398488815117237,0.028398488815117237
illum_lr_diff,n_digit,0.027345340089294814,0.027345340089294814
cc_touch_right,mean_wlen,-0.027190201589791886,0.027190201589791886
g_p95,n_amp,-0.026920577574892926,0.026920577574892926
ink_y0,n_caret,0.026329181503291776,0.026329181503291776
cc_count,n_words,-0.02613009675534409,0.02613009675534409
fisher_sep,mean_wlen,0.025787215101963936,0.025787215101963936
pixels,n_digit,-0.02573780961328035,0.02573780961328035
margin_t,hapax_frac,-0.025594430936571412,0.025594430936571412
core_center,n_colon,-0.02551183230419013,0.02551183230419013
g_p75,n_amp,-0.02534809938588862,0.02534809938588862
ink_touch_right,n_digit,-0.025017698752631927,0.025017698752631927
margin_r,n_digit,0.02493227796619858,0.02493227796619858
ink_touch_bottom,n_chars,-0.02492350554340003,0.02492350554340003
underexp_frac,hapax_frac,0.024772001267779935,0.024772001267779935
baseline_slope_deg,hapax_frac,0.024637361799985817,0.024637361799985817
underexp_frac,upper_frac,0.024478427095277273,0.024478427095277273
ink_w,n_amp,0.02400783200414423,0.02400783200414423
edge_grad_rel,n_amp,-0.02390509427780851,0.02390509427780851
skew_deg,upper_frac,0.023713297539999713,0.023713297539999713
cc_touch_right,n_amp,0.0237115542690189,0.0237115542690189
lap_var,n_digit,0.02286595881159942,0.02286595881159942
cc_touch_bottom,template_cov,-0.022735930000088715,0.022735930000088715
cc_area_p90,mean_wlen,-0.022625998558888208,0.022625998558888208
cc_touch_left,n_digit,0.022554296922988784,0.022554296922988784
ink_h,n_digit,-0.02234881360077969,0.02234881360077969
ink_h_frac,n_caret,0.022292336647749156,0.022292336647749156
stroke_w,n_digit,-0.022233226425550152,0.022233226425550152
ink_w_frac,n_punct,-0.022156705847958806,0.022156705847958806
bg_hue,mean_wlen,-0.021596068024508166,0.021596068024508166
ink_w_frac,upper_frac,-0.021539055926749436,0.021539055926749436
ink_touch_bottom,n_colon,0.02130861980193689,0.02130861980193689
ink_h_frac,n_chars,-0.021056322876788297,0.021056322876788297
margin_b,n_colon,0.020766534675764448,0.020766534675764448
margin_t,template_cov,0.020605479597259727,0.020605479597259727
ink_y0,n_digit,0.020430699591274915,0.020430699591274915
ladder_w,mean_wlen,0.02034533640028129,0.02034533640028129
width,mean_wlen,0.020334260874152736,0.020334260874152736
cc_count,n_chars,0.02018956794067095,0.02018956794067095
baseline_slope_deg,n_colon,0.019760518896591233,0.019760518896591233
lap_var_norm,n_digit,0.01973881279333052,0.01973881279333052
noise_sigma,n_words,-0.019552499967292417,0.019552499967292417
ink_frac_otsu,mean_wlen,0.019046788607616494,0.019046788607616494
ink_x1,mean_wlen,0.018785792712176834,0.018785792712176834
bg_tint_RB,mean_wlen,-0.018774639426126276,0.018774639426126276
jpeg_q0_dc,n_punct,0.01864070203904039,0.01864070203904039
jpeg_quality_est,n_punct,-0.01864070203904039,0.01864070203904039
jpeg_q0_mean,n_punct,0.01864070203904039,0.01864070203904039
bg_R,mean_wlen,-0.0185250076653302,0.0185250076653302
ink_y1,n_digit,-0.017885076354638374,0.017885076354638374
overexp_frac,n_amp,-0.017772041429246772,0.017772041429246772
core_center,mean_wlen,0.01742601509009843,0.01742601509009843
overexp_frac,mean_wlen,0.01733985177250993,0.01733985177250993
edge_grad_rel,mean_wlen,-0.01712148051169694,0.01712148051169694
bg_sat,mean_wlen,-0.01692058287518505,0.01692058287518505
illum_lr_diff,mean_wlen,-0.016723395676616105,0.016723395676616105
core_center,template_cov,0.01655944661794877,0.01655944661794877
g_std,n_colon,-0.016425830126418874,0.016425830126418874
ink_y0,n_words,-0.01591961205171927,0.01591961205171927
margin_r,n_punct,-0.015585235795895774,0.015585235795895774
ink_touch_bottom,hapax_frac,0.015583658158548808,0.015583658158548808
g_std,n_digit,0.015552226588184651,0.015552226588184651
ink_x1,n_words,0.015488668121196867,0.015488668121196867
baseline_slope_deg,mean_wlen,-0.015385370597180908,0.015385370597180908
g_p99,mean_wlen,0.015236939665111634,0.015236939665111634
jpeg_q0_mean,n_amp,-0.015231254764779757,0.015231254764779757
jpeg_quality_est,n_amp,0.015231254764779757,0.015231254764779757
jpeg_q0_dc,n_amp,-0.015231254764779757,0.015231254764779757
ink_x1,n_amp,0.014942952930372556,0.014942952930372556
ink_frac,n_colon,-0.014908224627256895,0.014908224627256895
ink_touch_bottom,n_punct,-0.014832141320041249,0.014832141320041249
margin_b,n_caret,0.014723953518440224,0.014723953518440224
tall,mean_wlen,0.014607821332657627,0.014607821332657627
ladder_w,n_words,-0.014570561354988604,0.014570561354988604
bg_B,mean_wlen,0.014179052050758876,0.014179052050758876
edge_density,n_digit,-0.01406827578908587,0.01406827578908587
width,n_words,0.013903290996598714,0.013903290996598714
contrast,n_digit,0.013900929977085055,0.013900929977085055
jpeg_q0_mean,hapax_frac,0.013887929849413078,0.013887929849413078
jpeg_quality_est,hapax_frac,-0.013887929849413078,0.013887929849413078
jpeg_q0_dc,hapax_frac,0.013887929849413078,0.013887929849413078
w_xh,n_digit,0.013564336548359606,0.013564336548359606
stroke_w,n_colon,0.013421201779419316,0.013421201779419316
lap_var,mean_wlen,-0.013299166441212878,0.013299166441212878
ink_w_xh,n_digit,0.013120045087516453,0.013120045087516453
ink_w,mean_wlen,0.013032844689996215,0.013032844689996215
baseline_slope_deg,upper_frac,0.012831349765605165,0.012831349765605165
ink_p10,n_digit,0.012788912373766942,0.012788912373766942
stroke_w_std,mean_wlen,-0.012675230518694012,0.012675230518694012
contrast,mean_wlen,-0.012279833612451059,0.012279833612451059
underexp_frac,template_cov,-0.012186453527612983,0.012186453527612983
underexp_frac,n_chars,-0.012153205322312177,0.012153205322312177
g_p1,n_digit,0.01193001490555993,0.01193001490555993
ladder_h,n_digit,-0.011792426718135506,0.011792426718135506
g_std,n_caret,0.011710139243661686,0.011710139243661686
cc_area_p90,hapax_frac,-0.011671394113867502,0.011671394113867502
ink_frac,mean_wlen,0.01156923625545036,0.01156923625545036
w_xh,mean_wlen,0.011265349463544167,0.011265349463544167
ink_h_frac,template_cov,-0.011261272516821358,0.011261272516821358
width,n_amp,0.011201051524140228,0.011201051524140228
margin_r,n_colon,-0.011006135949685589,0.011006135949685589
blockiness,n_amp,-0.010875176365705072,0.010875176365705072
jpeg_q0_dc,template_cov,-0.010816467701193776,0.010816467701193776
jpeg_quality_est,template_cov,0.010816467701193776,0.010816467701193776
jpeg_q0_mean,template_cov,-0.010816467701193776,0.010816467701193776
height,n_digit,-0.010809744942004637,0.010809744942004637
ink_G,mean_wlen,0.010785817621973403,0.010785817621973403
midtone_frac,n_amp,0.010737578319677334,0.010737578319677334
entropy,mean_wlen,0.010387015236330427,0.010387015236330427
n_row_peaks,n_digit,-0.010303801229854019,0.010303801229854019
underexp_frac,n_punct,0.010172163030534757,0.010172163030534757
ink_B,mean_wlen,0.010162812000501027,0.010162812000501027
overexp_frac,n_colon,0.010075536651364845,0.010075536651364845
jpeg_q0_mean,n_colon,0.0097628051724626,0.0097628051724626
jpeg_q0_dc,n_colon,0.0097628051724626,0.0097628051724626
jpeg_quality_est,n_colon,-0.0097628051724626,0.0097628051724626
ink_sat,mean_wlen,-0.009717944539928585,0.009717944539928585
aspect,n_digit,-0.009603446374725782,0.009603446374725782
ink_w_xh,mean_wlen,0.009559715784726702,0.009559715784726702
margin_r,n_chars,-0.009196265085712247,0.009196265085712247
noise_sigma,n_amp,-0.009177911338029535,0.009177911338029535
ink_mean,mean_wlen,0.009121948154507276,0.009121948154507276
ink_w_frac,hapax_frac,-0.009113667028348623,0.009113667028348623
edge_density,mean_wlen,0.009057985942987207,0.009057985942987207
jpeg_q0_mean,n_digit,-0.009050380566182948,0.009050380566182948
jpeg_q0_dc,n_digit,-0.009050380566182948,0.009050380566182948
jpeg_quality_est,n_digit,0.009050380566182948,0.009050380566182948
baseline_slope_deg,n_caret,0.00884557903063313,0.00884557903063313
jpeg_quality_est,n_chars,0.008758123639713887,0.008758123639713887
jpeg_q0_dc,n_chars,-0.008758123639713887,0.008758123639713887
jpeg_q0_mean,n_chars,-0.008758123639713887,0.008758123639713887
underexp_frac,n_words,-0.008631299067937342,0.008631299067937342
g_std,template_cov,0.008113339114154275,0.008113339114154275
ink_frac,hapax_frac,-0.00805578154820959,0.00805578154820959
margin_t,n_colon,0.0080352786610563,0.0080352786610563
baseline_slope_deg,template_cov,0.00799189196701256,0.00799189196701256
jpeg_q0_dc,n_words,-0.007866018059570719,0.007866018059570719
jpeg_quality_est,n_words,0.007866018059570719,0.007866018059570719
jpeg_q0_mean,n_words,-0.007866018059570719,0.007866018059570719
cc_area_p90,n_punct,0.007759796401939347,0.007759796401939347
baseline_slope_deg,n_digit,0.007541961714265717,0.007541961714265717
gap_mean,mean_wlen,-0.007378227984942165,0.007378227984942165
ink_h_frac,n_colon,0.007339402451479131,0.007339402451479131
jpeg_q0_mean,upper_frac,0.007117604475936904,0.007117604475936904
jpeg_quality_est,upper_frac,-0.007117604475936904,0.007117604475936904
jpeg_q0_dc,upper_frac,0.007117604475936904,0.007117604475936904
bg_G,mean_wlen,0.006944642547321193,0.006944642547321193
margin_t,n_punct,0.00634537234080823,0.00634537234080823
gap_mean,n_amp,0.006299055015276333,0.006299055015276333
underexp_frac,n_amp,-0.006214338239698164,0.006214338239698164
ladder_w,n_amp,0.0062034794592327564,0.0062034794592327564
margin_r,template_cov,0.006202805091258359,0.006202805091258359
underexp_frac,mean_wlen,-0.006055763046247383,0.006055763046247383
ink_h_frac,hapax_frac,0.006006662755877626,0.006006662755877626
g_mean,mean_wlen,0.0057075422038614775,0.0057075422038614775
skew_deg,n_digit,0.005632199948287205,0.005632199948287205
g_p75,mean_wlen,-0.005375468139306901,0.005375468139306901
ink_R,mean_wlen,0.005248248959125464,0.005248248959125464
margin_r,n_caret,-0.0052412070836958796,0.0052412070836958796
bg_R,n_amp,-0.005125275682633759,0.005125275682633759
skew_deg,n_caret,0.004919240745022084,0.004919240745022084
underexp_frac,n_colon,-0.004918097281606454,0.004918097281606454
noise_sigma,n_chars,0.0049083542993376425,0.0049083542993376425
lap_var_norm,n_amp,-0.0046823572054247725,0.0046823572054247725
overexp_frac,upper_frac,0.004289944167768608,0.004289944167768608
contrast,n_chars,-0.004212364078531168,0.004212364078531168
bg_std,mean_wlen,0.0038116588804487,0.0038116588804487
overexp_frac,n_caret,0.0037388259129667333,0.0037388259129667333
underexp_frac,n_digit,-0.003692547127916488,0.003692547127916488
bg_mean,mean_wlen,0.0034123302450797554,0.0034123302450797554
g_p95,mean_wlen,-0.0033372478459221906,0.0033372478459221906
margin_l,n_colon,-0.003260595747419022,0.003260595747419022
core_h,mean_wlen,0.0030204800723360493,0.0030204800723360493
ink_w_frac,n_colon,0.0029713789840768888,0.0029713789840768888
ink_touch_right,n_caret,0.0026891502468465956,0.0026891502468465956
cc_area_p90,template_cov,-0.0025846489375198137,0.0025846489375198137
fisher_sep,n_amp,-0.002546090902264032,0.002546090902264032
g_p50,mean_wlen,-0.0023920992795002415,0.0023920992795002415
core_center,hapax_frac,0.00225414441278835,0.00225414441278835
illum_lr_diff,n_amp,0.0019937809248598746,0.0019937809248598746
ink_frac,template_cov,-0.0018024833538972367,0.0018024833538972367
jpeg_quality_est,mean_wlen,-0.0016617657139562422,0.0016617657139562422
jpeg_q0_mean,mean_wlen,0.0016617657139562422,0.0016617657139562422
jpeg_q0_dc,mean_wlen,0.0016617657139562422,0.0016617657139562422
ladder_w,n_chars,-0.0013660916593317238,0.0013660916593317238
cc_area_p90,n_caret,-0.0013144808649132162,0.0013144808649132162
core_center,n_amp,0.0012990182715359308,0.0012990182715359308
ink_touch_right,template_cov,-0.0012476903667451534,0.0012476903667451534
contrast,n_words,0.001196007287355488,0.001196007287355488
ink_touch_bottom,template_cov,-0.0009176667452277941,0.0009176667452277941
skew_deg,template_cov,0.0008075150514551164,0.0008075150514551164
g_p25,mean_wlen,0.0007964650798187459,0.0007964650798187459
cc_area_p90,n_digit,-0.0006918092997022821,0.0006918092997022821
blockiness,mean_wlen,0.0004876057035042694,0.0004876057035042694
illum_cv,mean_wlen,0.0003618468803519084,0.0003618468803519084
lap_var_norm,mean_wlen,0.0002576484141321365,0.0002576484141321365
