ID,label,width,height,tall,core_h,ink_w,n_row_peaks,n_chars,pred_chars,len_resid,fold
XBolZ9SHDdJp62hD,or cause to be notified by mee or any other person or persons that noe debters pay or cause to be paid,1057,82,0,46,1046,1,102,54.6512796069038,0.8663789893606607,4.0
t0UrASljcgzvBAnO,1681 Murphey Marcous of the Parrish of St.Phillips in the -- Island aforesaid sends greeting in our Lord God everlasting,5186,425,1,102,5096,3,120,64.38767644302803,0.8637106761598902,
PuDCCRnGEY59YVkQ,Judgements wherein he is bound to Robert Harrison by the first day of May next dated y^e 15^th Aprill 1642,1121,64,0,24,1092,1,106,61.31677745077497,0.7287275099396191,2.0
T3gCkSt5bcuYdswx,thereunto belonginge or in any wyse appertayneinge To have and to hould all the forebargained,1078,65,0,50,1065,1,93,54.13311795682943,0.7179871308016376,3.0
tKR69yz8TmeLS1Op,moveables and immoveables To have and to hould all these demised premises unto him the said Edward,1117,79,0,33,1090,1,98,57.20943847395628,0.7130040534240341,3.0
oXHyC6Ct3LBtKNdN,under or them or any of them ( except before excepted )the said mortgage to the abovesaid John,1078,70,0,42,1058,1,94,55.151492175575385,0.7043963144415016,1.0
VfA8Rllc17Tz2PUR,two Sales bearing date and w^th these adults and all the mograge Land Chattles buildings,5634,433,1,371,5559,2,88,51.73410496089152,0.7010055565187363,3.0
W8wdFrxaW9VMnV3p,was in y^e possession of my late Dec^d: ffather &now in the possession me y^e. s^d. Robert San,4737,303,1,187,4653,1,94,55.315082573262266,0.6993556843289775,0.0
rat7Ymfb6NaDEgQJ,"Cor leg, at the suit of the item Honu^rble Collo.^ll Edwyn Stede, and Stephen Gascoigne Esq^r",5124,422,1,207,5039,2,93,55.119959762587996,0.6872290981446365,4.0
oFBwvqCzeCiCwE8o,"Mary, her heires & Assignes, ags:^t all & Every person & persons Shall & Will Warrant & for",5644,506,1,239,5535,2,91,54.69162574464583,0.663874473669466,1.0
pRIf9rapdPFuu82M,and aldormen of y^e City of London have caused the Seale of y^e office of Majorasty of y^e same City,4676,297,1,118,4578,1,100,60.348826628328496,0.6570330458265902,1.0
WvicwIv0Pl1XRDSE,To all Xpian People to whome theis prsents shall come greeting in our Lord God Everlasting,1126,81,0,49,1104,1,90,54.576202236062514,0.6490704063781554,4.0
7s4catKMg7vsDPIH,to make seale deliver and (if need bee) for the premisses or any part thereof to appeare,1119,54,0,53,1084,1,88,53.828092855061314,0.6348340677227912,1.0
wwU90P0jpgjqmlMj,To all Christian people to whome theis pnts shall come greeting in our Lord God Everlasting,1074,80,0,39,1047,2,91,55.74762206437646,0.63235662132664,1.0
msoxltaTIircdJsS,binde our selves our heires execrs and admistrs together with that our plantacon w^ch wee lately,1089,56,0,25,1072,2,96,59.226244069511246,0.6209030558704518,4.0
WSlmnVErULWHMsg1,Sealed and delivered in the pesence of - with these words vizt: - parcell of land lyenig att the,1118,67,0,30,1099,2,96,59.271514652623345,0.6196650374574334,4.0
zGccciTvZEHDjM5G,recorded nlt: have taken and freighted the shipp called the Metior of Wover of Nathaniell,1322,67,0,50,1281,1,89,55.68854217288349,0.5981743555739356,0.0
wZqvr4MS4rJaH8mf,I Morish Ronan doe hereby certify to have delivered possession of tenne acres of land unto Thoma,1080,61,0,23,1066,1,96,60.092442314661774,0.5975386638026068,2.0
tQAuzSsJimAQ8yRV,Barbados To all Xpian people to whome theise pnts presents shall come William Readye of the Island aforesaid,1300,65,0,21,1289,2,108,67.79954282454037,0.5929310951180763,1.0
Ahic8ctFhgp4IiyD,John Walford of the parish of S^t James To have and to hould the said two third parts of the,1072,46,0,24,1056,1,92,58.09990566842722,0.5834793351479544,1.0
tufJDaxmsKYtVNpD,Pollard of and for seven thousand pounds of cotton In witness whereof I have hereunto,1061,63,0,51,1040,1,85,53.806247308666286,0.5797422093458189,0.0
MMstRgEevrOu3rqP,James Comerford to serve till the seaventeenth day of March 1642. Christopher Bailey,1117,108,0,58,1084,1,84,53.193258337135205,0.5791474827056803,0.0
sozSptQLxEJHwBVJ,land of Capt George Bowyer and Leift George Piggott unto Thomas Stacketon or his assynes for the,1110,80,0,27,1085,1,96,60.9327647998161,0.5755070414971509,3.0
9Vg8WnOnqQfkplJe,Island planter the full and just quantity of one thousand two hundred and thirty pounds of the,1074,55,0,27,1054,1,94,59.75457360986725,0.5731013430656932,2.0
uquhXz3G0aQ3IDAd,merchantable and well cleared cotton by them the said George and Edward by severall bills made,1092,68,0,27,1071,2,94,59.98127295548556,0.5671558032748165,0.0
JTuyMHsDGMBgYSh2,doe hereby convenant and agree to and with the said Philip and W^m their heires and assignes,1121,76,0,32,1089,1,92,58.71702873244014,0.5668367760777309,4.0
vwal3jKQzejVObfV,Whitehead and Richard Petty of the same Island planters thirteen acres of land all standing,1085,63,0,33,1066,1,91,58.09477994370674,0.5664057956356507,1.0
GB16JC5kV3ECqWp1,that in case the abovesaid one ~hundred~ thousand two hundred and thirty pounds of cotton to be paid,1089,58,0,20,1080,1,100,63.99481948382905,0.562626487684197,0.0
79tMUVyfIdy3GzkG,Island Gent The Receipt whereof I doe hereby acknowledge & for diverse other goods,1591,109,0,34,1415,2,82,52.65334536752812,0.5573559367904908,
SRrsPVIZrAm2elis,pounds of cotton bee fully and compleately satisfied according to the true intent,1049,66,0,66,1040,1,81,52.137557567405416,0.5535825569749815,2.0
l5TCfZR92uQwTeJI,or commytted by me the said Philip Lovell my excers or assignes or by any other person or,1078,62,0,34,1064,1,89,57.34911989031615,0.551898270979889,1.0
l3cmgFmgcKP1yQFH,Secretarys office of this Island of Barbados before me Richard Noke Deputy Sectry,1124,66,0,66,1089,1,81,52.40486882788047,0.5456579094976445,1.0
yaTnnrWTZYeKgZ3I,Capt Phillip Bell his heires exers admistrs and assignes and to and with every of them,1146,57,0,42,1127,1,86,55.74300601435256,0.5427944445238018,1.0
s5t2kTT7SOlYxGoh,infeoffe and sell unto the said Morgan Powell that my plantacon conteyneinge twenty acres,1153,60,0,34,1133,1,89,57.69741432307139,0.5425301297152182,3.0
xe9HIGYGJby3EcOy,serve as by their Indentures will more plainly appeare To have and to hould the said forty,1068,75,0,31,1057,1,90,58.358221710152336,0.5421991514238186,3.0
u5IfijoySjTneAAv,-and pounds of good and merchantable cotton dated the last day of July 1640 with condicon to perform,1115,75,0,18,1087,1,100,65.14795368069453,0.5349676290697258,1.0
kaACSMEscosTsS3D,admistrs and assignes forever without the lett suite trouble or denyall of mee the said Thomas,1138,49,0,23,1122,1,94,61.35148955634195,0.5321551388524216,2.0
JvQhAw3Q8WB36Ud9,the houses edifice & buildings with half of all ye servants stock of hoggs cattells chatles,1056,50,0,24,1046,1,91,59.479480573822514,0.5299393861897639,2.0
OrXXHFOprCeTsprv,Januar: 1640 Barbados planter sendeth greeting in our Lord God Everlasting Knowe yee that I the said,1321,61,0,19,1270,1,100,65.55945084542721,0.5253330940153083,1.0
gSXt2RMZhYKYcwIB,3^0 die 7 Bis Dorcas Homested in the Island of of Trinidado do make this my last will & Testament,1352,60,0,26,1348,2,97,63.60172221260652,0.5251159343728211,1.0
Zwez3VcBbD6e3uKB,shipp that shall happen to arrive att this island after Christmas next that shall bring men,1133,67,0,26,1100,1,91,59.78498186203031,0.5221213951357654,0.0
FT6Ce5fuMjeirNOL,South of Charles Easton Together with a man and two sowes withall the profitts benefitts and,1112,80,0,27,1083,1,92,60.523695155773865,0.5200658149376616,2.0
Szcz44vSpdVE6r5x,"appertayne, all and singular each tyme a sumes of money debts good were merchandizes",1141,60,0,43,1122,1,84,55.47645596297235,0.5141558439866027,4.0
RH0NzLgaGQ911xJP,between the said parties that the said George Adren and Edward Bailey shall and will,1118,79,0,43,1088,1,84,55.57416289429123,0.5114937522275981,4.0
RNbd8CGjttzBzyMt,or w^th his their or any of their Assent Consent privity or procurement & also y.^t,4626,334,1,190,4531,1,83,54.9406574717443,0.510720909058769,1.0
d6XfPKoIVU27c66l,nyne as alsoe another bill of fifteene hundred pounds of cotton beareing date w^th theis,1066,60,0,31,1053,1,88,58.311763400234355,0.5091294597968946,1.0
uyr0Yzxh7KmLIlRX,knowe yee that I W^m Stiles of the Island of Barbados planter for divers good considera,1085,77,0,34,1058,2,87,57.66798045219194,0.5086361498669953,0.0
msOTKPhl1nkhyQRa,To all people to whome these pr^sents Shall come S:^d Patience Ward Leu:^t Lord,3686,475,1,215,3647,1,79,52.45003209246252,0.5061954559099863,0.0
qM5q4bWpR7YWPR6N,severall Judgement & Execution thereon in y^e name of y^e s^d S^r Jn^o Maynard of,4731,360,1,222,4642,2,81,53.87797664912888,0.5033972141808268,2.0
Mc4BVuMqbfo9R13K,their and every of their heires exers & that the plantation servantes and all and singular the,1096,67,0,19,1050,1,94,62.5376262222189,0.5030951073515945,3.0
dWaAi1OoeTjanGDx,to reenter upon ^one plantacon conteyneinge thirty acres with th'appurtenances together,1092,56,0,27,1060,1,87,57.922589479649744,0.5020046717794994,4.0
VmrEALeZiP1Y6nF9,his heires & assignes and all & Every other Pson & Psons Lawfully having or Cla,5520,315,1,310,5445,1,79,52.66771757600496,0.49997006963506313,
SJoB7R0aR9KOtnHA,St. Lucies in the Island of Barbados planter Send Greeting Know yee that the said -,4680,271,1,181,4645,2,83,55.597490322002145,0.4928731408430785,1.0
VVIZM5oForBFbyvQ,& that freed and cleered from all former sales mortgages dues avearages of dues & other incubrances,1143,46,0,17,1128,1,99,66.53052378407078,0.48803878835090875,4.0
Afo16hD8hP1jF7Ts,of our estate or estates act or acts or by or with our or either of our assent consent privity,1125,71,0,22,1101,2,94,63.335776137496936,0.48415328164501326,1.0
BPYvK2g5H6con53S,prnts that I the said Richard Gregory doe for mee my heires exers and admnstrs bargaine,1084,55,0,26,1075,1,87,58.6739798446516,0.4827697086569874,2.0
mZMi3qdPE3xJ7gT2,bounding upon Robert Ellis leeward and Addam Lee wyndward at the Tarr River heads with the,1084,69,0,26,1060,1,90,60.76065239033417,0.4812217522259066,0.0
mWkFGDF4tFbf8zGD,to the land of Mr Carleton and his owne land with all profitts priviledges and comodities,1091,67,0,26,1074,2,89,60.189728225752006,0.47865761523610934,3.0
riOtNIfGPkL8LjkQ,and Stephens Gibbs a certaine pcell of land conteyninge twentye acres of standinge ground,1032,88,0,26,992,3,89,60.20137731825116,0.4783714918930601,0.0
pTjsBaNwpKAlQQfH,all wch prmisses aforesaid I doe hereby binde over and mortgage unto the said John Belcham,1118,77,0,27,1093,2,90,61.03944684481295,0.47445634998653463,2.0
DhHiFWxTsJUcfuFh,in one bill of M^r William Martins of this Island Gent for six thousand pounds,1147,88,0,58,1112,1,78,52.98467736386291,0.4721237135096395,1.0
s9Tfw7CPqVEnm0Ir,S^t James in the Island of Barbados bounded on the east by Philip Gibbs and on the south,1179,55,0,26,1157,1,88,59.80952815053152,0.47133747282736177,4.0
PdY5Y9pFyhpFOMeH,thereof with their and either of their appurtenances unto the said W^m Pead his heires,1116,60,0,28,1081,1,86,58.45259199441685,0.47127778368176326,1.0
XiXPUP9Ax5yC366y,payment expressed in certaine bills of the date hereof in w^ch the same ought to be paid,1067,80,0,28,1039,1,88,59.82450980558544,0.470969010627547,2.0
xqfxQ5PkdzOtUSWo,like cotton wool Ano 1642. And three thousand first day of June after And lastly three,1091,76,0,30,1064,1,86,58.469054967655225,0.4708635199863372,3.0
Rz92ZJxfYzaqIhDx,lawfully clayminge or pretendinge anie right title or interest therein And for the true pform,1093,75,0,23,1076,2,93,63.30817968216442,0.4690044867330239,0.0
t9DPbpsrZAOnolTs,"by these presents , that at the time of the Executeing of these presents hee the said",5667,383,1,174,5573,1,85,57.90042081991211,0.4680376894733773,2.0
Kz5iJqbDZBRPQLZv,and noe bills of Exchange sent ^ for England as aforesaid then and in such case the,5054,332,1,172,4939,1,83,56.70165674319606,0.4638020256781936,4.0
eHKaNPkCwUnOVj6A,any default shall be made upon the sevall days of payment or any part or pcell shal be,1111,60,0,29,1083,1,86,58.76289124594998,0.46350865616958964,1.0
4djkWNdRfrCQBFMC,merchantable cotton wooll that the aforesaid thirty acres of land is not formerly mortgaged,1058,47,0,19,1034,1,91,62.2344246206489,0.4622132453974179,0.0
shKRIy5z0w9XZjsc,Water field of the aforesaid Island planter unto the said Morgan Powell according to the,1126,58,0,24,1102,1,88,60.3196016781727,0.45889557543022946,1.0
6sChDStSz8rGIFCf,3100 lb of good and merchantable cotton wooll unto the said Edward Carew Skipwith his excrs or,1117,62,0,19,1099,1,94,64.61337852540609,0.4548070716196807,3.0
EHyu9lD6IvIwRX3U,thereof yt there this obligacon to be fustrate & of non effecte or else to stand in full,1102,54,0,21,1091,1,88,60.580776421888906,0.4526060113056597,0.0
fLLq60ebem5PCZif,the afore resitted prmisses and every pte and pcell thereof to the said Edwd Breviter,1088,65,0,29,1065,1,85,58.53941075513762,0.4520132489126586,2.0
pKSYxuDQ6f8sZlfY,of October (1680) conteyneing three acres and one eighth part of an acre which said land,5690,332,1,129,5545,2,88,60.64075961039727,0.451169156939647,3.0
IcNepOR6soVfBgWO,and find all to contayne seaventy and three acres according to the statute measure of England,1102,51,0,18,1073,1,93,64.10311504699175,0.4507875308684291,2.0
6jXh2H3x9exT8QzL,withall houses edifices househould stuffe and implements of househould stuffe x x x x,1103,84,0,30,1080,1,85,58.661082648649554,0.4490015554112314,2.0
QeV7TK1FhLMDuJg0,Knowe all men by these presents that I John Simpson of the Island of Barbados in,1057,87,0,42,1024,1,80,55.24242072114488,0.44816246202945226,2.0
Jb8UD8TnCZs1Se02,To all Xpian people to whome these pnts shall come greeting in our Lord God Everlasting,1154,66,0,30,1137,2,87,60.1099795277779,0.44734702429562023,4.0
q7lH9zMKOb4UUQ0s,To all that shall see these presents had re them to he reade S^r Richard Chiverton,1111,75,0,36,1103,1,82,56.73080439698781,0.4454228328261443,0.0
sqn0kVXKZYALfqjk,~quantity~ may appeare ^now if the said Thomas Duncombe his heires Executors Adm:^rs or,5392,354,1,138,5302,2,87,60.21268568207283,0.4448782513931707,1.0
sWVYCoIpt9ZYE51m,comodites w^tsoever belonging To have and to hold unto the said Mathews his exers admistrs,1081,67,0,20,1053,1,90,62.36155201793307,0.44319692322793774,0.0
jlLJjhbNXmxOWjt5,"by these presents, that all and singuler the premises, now are and soe shall forever",5758,343,1,169,5581,1,84,58.26035653378738,0.44180374095866076,0.0
rPBrSY95z3BVcpn2,Blackman having taken aboard his said ship Island,1190,40,0,9,1174,2,49,87.69479576508584,-0.4412439236273528,3.0
IDAdn1Ay5XL8Sb24,and Francis Pearson with all profitts and commodities thereunto belonging or any wyse appertayneinge,1141,67,0,16,1128,1,100,69.55327673179806,0.437746784894211,4.0
BjpHAKRYlklfN3yN,and every part hereof be not paid at the day appointed that then it shall bee lawfull for the,1074,57,0,16,1050,2,93,64.73883064786504,0.4365412391499066,2.0
Exy6jl792cJZ6TVP,Intr Ultimo Die unto Leonard Dowden at tene days sight of the sd bill of Exchange and,1287,56,0,36,1273,1,85,59.19584775471115,0.4359115246091767,4.0
BlRLQyfXNsZpTefr,Francis Darham for a valluable consideracon re^cd hath sould unto Richard Southwell his,1120,67,0,27,1088,2,87,60.59037143389689,0.43587170603361597,2.0
uzxpvkZrPpEXDWU8,"y.^e prebargained premises, and also ^all Estate right Tytle Interest, Use",4841,423,1,324,4720,2,74,51.58363581994564,0.4345634778110525,4.0
KlyPyxLP51eHqy6o,admistrs covenant and agree to and with the said Edward his heires excers admistrs,1067,54,0,29,1050,1,82,57.205979614414886,0.433416586040552,3.0
XLgjgkCDuAhIw9Xn,pounds whereof I acknowledge the receipt of Paul Wood al^s Dubois before then sealing,1077,51,0,26,1065,1,85,59.300296609520586,0.4333823751288515,4.0
BSW4uJhCPNgQxUEJ,his writing as his act and deede Henry Harvey,1120,58,0,12,1106,2,45,79.2663969361578,-0.4322941152952418,0.0
mMd6IDI7nQQsWFzD,"to and with the Said John Bayley, and Richard ^Morgan their Executors Adm^rs and as",5134,372,1,156,5020,1,83,57.954958025353854,0.4321466674807971,2.0
faKkl4iufUqvwE6L,"read ^heard understood, Know yee that I Robert Stroude Serv^.t and my wife Doroth",5053,393,1,174,4929,2,81,56.56146045639811,0.4320705184485288,4.0
IuQEgdM6nmIWxnca,without y^e : Lett Trouble hinderance or deniall of the S^d :Jn:^o Johnson his heires,5569,349,1,152,5490,2,85,59.379941381769825,0.43145981659887195,3.0
jQHoAtrdJ8L4V6lO,comitted or done ~lyeing~ ^lying the sd Luiet: Willm: Pead my heires or assignes or any,1069,51,0,26,1062,1,87,60.788348690477584,0.4311953174281314,0.0
7YTsBM2uqHKNw7iN,for recoverye and receipt of the content of the aforesaid Bill and vallue of the,1082,60,0,36,1063,1,80,55.948347595456596,0.4298903084404332,1.0
nTLFf5GCZdDiGADK,Bee it knowne unto all men by these pnts that I Stephen Boston of the Island of Barbados,1103,69,0,25,1076,2,88,61.578247170567714,0.4290760787043152,1.0
RVRqLy0O8xgRoEbN,thereabouts situate lying and beinge in ye pish of St: Phps bounding upon the lands of Richd,1053,42,0,17,1045,1,92,64.39022418923409,0.4287883162143456,4.0
so06UKuKMXR0upt4,In witness whereof I have hereunto sett my hand and seale this fifth day of October 1641,1099,67,0,23,1071,1,88,61.7003109984131,0.42624888879836137,4.0
uPeCDRHwi41XJOLl,examined the accompts on both sides and consider the same we therefore award ~~abovesaid.,1077,59,0,22,1048,2,89,62.4683783739146,0.4247208318307238,0.0
Gk4RVw5UbHuvLlvY,with all the said Negroes in the said list specified vnto the said Richard Barrett,5552,253,1,173,5377,1,82,57.55753245841229,0.424661490817877,3.0
oABRWzWXSItuLbKY,knowe all men by these prsents that I Walter Walke of the Island of Barbados,1128,80,0,58,1113,1,76,53.37328428806739,0.42393335942774735,4.0
3KPWRokCeZ2csbuq,know ye yt I ye sd Tho Warmull for divers good causes & other valuable consideracons,1060,49,0,23,1046,1,84,59.014555438758876,0.42337766294231,3.0
jtylWIEp2ot2TjZD,and advtages thereunto belonging or any waise appetying together to have and to hold ye,1113,54,0,23,1092,1,87,61.26425577365973,0.420077643992294,4.0
GsOTGXABSzfOIINj,God Everlasting know ye that I Francis Coop of the Island of Barbados Mcht for divers,1056,50,0,24,1046,1,85,59.86187970661555,0.41993536481959737,2.0
fsGQONvf08WpRtoZ,executors or assynes the sume of Eight thousand pounds of the like tobaccoe in manner and forme followinge,1082,70,0,12,1055,2,106,74.67698329089,0.41944673350150113,2.0
WfgqNjfP74ytopVs,that I Francis Portch of the Island of Barbados Gent Have given granted bargained,1128,62,0,34,1112,1,81,57.09263019206802,0.418747038409407,4.0
wYYpLublqdiVAHhV,to hould as the aforesaid plantacon and Every part and pcell thereof together with all other,1091,62,0,19,1071,1,92,64.84757398824465,0.4187115159724781,1.0
Td1i9ewd7Pgn4q12,or any pte or pcell thereof ^to be behinde & unpaid in pte or in all after any of the said,5460,381,1,114,5400,3,90,63.44984031279259,0.41844328616622917,1.0
XJOANO9yBTa2NAnw,yield^ing and paying therefore yearely and every yeare dureing all the rest,3942,263,1,213,3879,1,75,52.9016920776279,0.41772402837219386,3.0
g5KRUhoVGac23apc,behaving himself well honestly & dutifully to my brother & other attorney & doing his,1055,51,0,22,1038,1,85,60.01032362176353,0.41642295641901245,1.0
vsVAVmvhDuFnuWe0,specified in a list or scheduled thereunto annexed To Have and to Hold the aforesaid,5751,372,1,156,5606,2,84,59.31391003309137,0.4161939409008141,2.0
xQ8VS8IALVUj4APg,that the sd Thomas Barnes his heires execrs admistrs and assignes shall or may lawfully from,1128,59,0,20,1116,2,92,65.02531203997793,0.41483365652190757,4.0
8H2ITJSWZhAD6eh0,6 die Augtu1644 Bee it knowne unto all men by these pnts that I Edmund Key far,1270,154,1,45,1249,1,78,55.13140414904194,0.41480162176053453,0.0
Ah36eonLvAmliq6x,Thomas Townes and Elizabeth Harding have by meanes aforesaid to the same,4074,307,1,307,4017,1,72,51.04705648089152,0.41046330510656986,3.0
sD9kN7kTIsll1TS5,and interest of this within specified bill of sale and all other thinges in it,1032,54,0,34,1019,1,78,55.34298407726473,0.4093927405703973,4.0
agqoGVHJLSKoCxzD,& James & Martin Noell of the cittye of London gent all yt my pltacon sciatuate in the,1122,51,0,22,1101,1,86,61.04138134073876,0.4088803056395443,0.0
8lGd2LO84KMYDbiq,"Richard Barrett in this said Capacity, or the said Richard Aley his Ex.^rs. adm.rs or assig",5650,372,1,109,5507,1,91,64.59104530088729,0.4088640240468431,0.0
iZDQHJMu8W5CN0U5,trees lyeing groweing or fallen together with all profits and benefitts thereunto belonging or in any,1062,62,0,14,1041,3,101,71.70684661886096,0.40851264227025835,3.0
iAmP4ZHpOZIYbyYT,binde mee my heires exers or admistrs in the penall summe and forfeiture of thirteene,1139,75,0,28,1082,1,85,60.37744665487715,0.40781044428505825,2.0
Ia2gBi4qUxWzxczd,mortgages or any other incumbrances w^tsoever and for the pformance that they shall quiet,1095,68,0,21,1071,1,89,63.29706291102898,0.4060684004422028,1.0
9bVFZcBcbFr8yg1r,man servant named Howlett one boy called,1010,53,0,15,994,1,40,67.26425874831952,-0.4053305463505263,0.0
U9msClRel9lVGhyc,pretending any right title or interest therein - Further it is granted by me Edward,1106,70,0,25,1091,1,83,59.11748438213513,0.4039839629083065,4.0
Ypp3CcdYrULfU3QF,in pish of Michaell buying and adjoyning,977,37,0,14,930,1,40,66.9401537329712,-0.4024513275012378,4.0
sEIaS7F8WEtaXBZs,day of October 1640 As both said bills more at large it doth and may appeare Have,1083,61,0,32,1074,1,81,57.78345613785516,0.401785310431357,3.0
R37EK4pEtfz52TcG,Thomas Rouse of the same Island Barbados gent of th' other party Witnesseth that the,1225,56,0,29,1208,1,84,59.932439966020596,0.4015781778219741,3.0
PLCIN5unDEde9krK,"William Leacock and John Ashman, mariners",825,45,0,11,809,1,41,68.35540363617227,-0.4001937254554716,4.0
CKB6GJz8mOQfk59Y,his Executo^rs: administrato^rs: or assignes from the day of the date of these,4005,204,1,151,3939,1,78,55.75055805945403,0.3990891340821829,2.0
Tnz6pJuXsyDIPwtq,In consideracon whereof the said Peeter Halloway is to pay or cause to be paid unto the,1134,57,0,20,1108,1,87,62.20449734968099,0.3986127001546484,3.0
FMYpONJZafXR4kk7,Act of this Island Giving power to Marshalls So to doe for & towards Satisfaction,5782,349,1,173,5567,2,81,57.95485078693859,0.3976396953860356,3.0
clMu6Z9NoOKg7Fjv,and lyyles Lawrance his heires exers admistrs or assignes forever or ame of them with,1084,81,0,23,1065,1,85,60.84158614973199,0.3970707435340989,0.0
CUAk4AF4ywIyg1EY,hereafter be growing or accruing thereupon he the sd Robert Bridges his heires admrs,1133,59,0,24,1117,1,84,60.1622349840449,0.39622472506676165,3.0
48Ju6NoPeO0D6StP,Island gent or unto his heires exrs admrs or assignes all my right title & interest of forty,1125,50,0,16,1103,1,92,65.93150257279076,0.3953875827178165,4.0
NRC3nf5giWhLUyw9,*lynes adjoyneing on John Lawrensons plantacon and the foot - lyne upon the *llyle and,1106,76,0,24,1063,2,86,61.64651300160825,0.3950505196904878,0.0
MHvB4Riv5FwWmk86,prviledges comodities & advantages to the same belonging or in any wise appteyneing,1164,61,0,30,1154,1,83,59.54921067324832,0.39380520852624223,1.0
0F9UPVFDkUYwkiUI,and foure hundred pounds of merchantable cotton and tobaccoe to be well and truely paid,1232,51,0,23,1219,1,87,62.4875701835856,0.39227689193863685,3.0
7eGjxzMzeLif8jPT,negroes horses mares catles stock and plantation utencells before hereby,4209,375,1,272,4072,1,72,51.72931541050497,0.39186067761837323,4.0
4KErc7eR7r5IKQcl,Barbados Knowe all men by theise pnts that I William Suires of the aforesaid Island doe,1329,78,0,27,1318,1,87,62.51028282917722,0.391771018501807,0.0
OddwPjSIYgiFouJY,Griffith Anthony Standford and Company and whereas alsoe the said Arthur Bartlett,1096,58,0,31,1078,1,81,58.21972870442872,0.391280959264216,4.0
o7ecVjFPbE66NcpS,in respect of the yeare now last expired) And for pformance of all and singuler,1078,51,0,32,1054,1,79,56.79362543360387,0.3910011800947114,1.0
WwlTCykxjP3c4kfo,y^e: w^th:in Instrum^t: of writeing as his Vollantary act & Deed Ri: Brewster,5619,507,1,221,5544,2,77,55.388745902330555,0.3901741002725993,0.0
AoupA6Uur0eKxhGR,pounds of good mchantbale Tobaccoe well made up in reate & role to pay or to cause to,1074,53,0,21,1057,1,85,61.145032645820926,0.39013745388538096,2.0
iVqUZJW6l8R5vPfo,To have and to hould the said five and twentie acres of land with appurtenances unto,1088,54,0,23,1064,1,84,60.44353258642312,0.3897268476142666,4.0
TPYcy4OqXINdMdQg,Wool well cleered from the stones and filth with my Plantacon wch I the said Robert,1102,55,0,26,1097,1,83,59.743437411815194,0.389273928580237,1.0
PJbM7Q1SrblrSWt6,"father ye sd Jon Johnstonn in the behalf of the sd John Johnstonee Henry Ferris, W^m Harvey",1143,107,0,21,1134,2,91,65.52441601500117,0.3887952847861544,4.0
lU0igyQMM4uG4yAM,"lett or sett ~over~ the said plantac""on or the stocke or appurtenance bought untill",1083,65,0,24,1065,1,83,59.76452166279847,0.3887838083654383,2.0
C9K4ImPGDT7fQpvw,in the prsence of us Richard Holdipp,868,48,0,21,855,1,36,58.82887365483802,-0.3880555964538784,0.0
USsilUa8S8Kz2X9K,whereof I the said Leut Robert Terrell have to theise presents sett my hand and seale,1103,63,0,25,1080,2,85,61.25345634207299,0.3876767953356502,3.0
zFbyRBlwn6lrrC4j,taw howes one axe one bill with manny other withall pfitts and comodities thereunto,1099,61,0,24,1095,2,83,59.8321874073359,0.38721319738718996,1.0
